"name","run.no.in.std.order","run.no","run.no.std.rp","sizea","sizeb","temp","Blocks"
"1","65",1,65,"4","4","nn",".1"
"2","1388",2,1388,"10","1","nt",".3"
"3","606",3,606,"3","2","tt",".2"
"4","2196",4,2196,"13","8","nn",".5"
"5","1251",5,1251,"12","10","tt",".3"
"6","1970",6,1970,"6","3","nn",".5"
"7","1905",7,1905,"7","7","nt",".5"
"8","2023",8,2023,"8","6","tn",".5"
"9","1631",9,1631,"11","6","tt",".4"
"10","148",10,148,"7","2","tn",".1"
"11","94",11,94,"11","9","tt",".1"
"12","683",12,683,"13","6","nn",".2"
"13","1983",13,1983,"10","3","nt",".5"
"14","183",14,183,"13","13","nt",".1"
"15","833",15,833,"9","8","nt",".2"
"16","2165",16,2165,"10","6","tt",".5"
"17","562",17,562,"14","1","nn",".2"
"18","468",18,468,"11","10","nt",".1"
"19","574",19,574,"13","5","tn",".2"
"20","1110",20,1110,"5","5","nt",".3"
"21","1111",21,1111,"12","0","tn",".3"
"22","299",22,299,"14","4","tn",".1"
"23","1027",23,1027,"12","0","nn",".3"
"24","914",24,914,"14","13","nn",".2"
"25","153",25,153,"6","6","tn",".1"
"26","996",26,996,"12","8","nn",".3"
"27","796",27,796,"3","3","tn",".2"
"28","751",28,751,"8","3","tn",".2"
"29","832",29,832,"5","5","nn",".2"
"30","124",30,124,"10","4","tn",".1"
"31","678",31,678,"1","0","tt",".2"
"32","2225",32,2225,"2","1","nn",".5"
"33","2129",33,2129,"7","2","tn",".5"
"34","843",34,843,"4","2","tt",".2"
"35","219",35,219,"5","1","tt",".1"
"36","1311",36,1311,"12","7","tt",".3"
"37","121",37,121,"4","4","tn",".1"
"38","679",38,679,"9","2","tt",".2"
"39","449",39,449,"2","2","nt",".1"
"40","2088",40,2088,"12","6","nn",".5"
"41","1265",41,1265,"9","0","tt",".3"
"42","1679",42,1679,"14","0","nt",".4"
"43","11",43,11,"8","7","nn",".1"
"44","1035",44,1035,"10","0","tt",".3"
"45","1934",45,1934,"13","1","nn",".5"
"46","586",46,586,"11","4","tt",".2"
"47","1028",47,1028,"1","1","nt",".3"
"48","585",48,585,"14","1","nt",".2"
"49","1727",49,1727,"10","4","nn",".4"
"50","66",50,66,"10","8","nt",".1"
"51","1057",51,1057,"12","3","nt",".3"
"52","888",52,888,"10","7","nn",".2"
"53","1771",53,1771,"7","2","nt",".4"
"54","1491",54,1491,"9","7","nt",".4"
"55","182",55,182,"8","3","nn",".1"
"56","23",56,23,"14","7","nn",".1"
"57","2218",57,2218,"13","4","tn",".5"
"58","1404",58,1404,"3","0","nt",".3"
"59","78",59,78,"3","0","tt",".1"
"60","1563",60,1563,"4","2","tn",".4"
"61","1157",61,1157,"10","10","tt",".3"
"62","1020",62,1020,"11","5","nn",".3"
"63","2337",63,2337,"9","0","nt",".5"
"64","1189",64,1189,"14","0","nt",".3"
"65","1437",65,1437,"7","3","nt",".4"
"66","1696",66,1696,"9","6","tt",".4"
"67","399",67,399,"11","4","tt",".1"
"68","1034",68,1034,"9","1","nn",".3"
"69","2226",69,2226,"5","1","nn",".5"
"70","1049",70,1049,"9","4","nn",".3"
"71","1214",71,1214,"12","11","tt",".3"
"72","2328",72,2328,"6","0","tn",".5"
"73","1515",73,1515,"12","5","nt",".4"
"74","2365",74,2365,"12","1","tn",".5"
"75","1817",75,1817,"10","4","nt",".4"
"76","413",76,413,"4","1","tt",".1"
"77","1875",77,1875,"7","3","nn",".4"
"78","2125",78,2125,"3","2","nt",".5"
"79","1623",79,1623,"3","1","nt",".4"
"80","1497",80,1497,"11","2","tt",".4"
"81","235",81,235,"2","1","tt",".1"
"82","753",82,753,"12","8","tn",".2"
"83","1996",83,1996,"4","3","nn",".5"
"84","989",84,989,"12","0","tt",".3"
"85","538",85,538,"10","2","tt",".2"
"86","1697",86,1697,"5","0","tt",".4"
"87","258",87,258,"10","2","tn",".1"
"88","2152",88,2152,"8","4","nt",".5"
"89","2204",89,2204,"9","9","nt",".5"
"90","173",90,173,"5","5","tn",".1"
"91","1285",91,1285,"14","0","tt",".3"
"92","2010",92,2010,"14","10","nt",".5"
"93","1228",93,1228,"8","6","tt",".3"
"94","882",94,882,"13","4","tt",".2"
"95","2034",95,2034,"13","6","nn",".5"
"96","1435",96,1435,"8","1","tn",".4"
"97","1051",97,1051,"4","4","nn",".3"
"98","350",98,350,"2","2","nn",".1"
"99","749",99,749,"3","2","tn",".2"
"100","295",100,295,"6","3","tt",".1"
"101","33",101,33,"14","11","tn",".1"
"102","346",102,346,"5","0","tn",".1"
"103","1149",103,1149,"6","6","tn",".3"
"104","1026",104,1026,"4","3","nn",".3"
"105","1147",105,1147,"11","1","tt",".3"
"106","386",106,386,"5","2","tt",".1"
"107","1360",107,1360,"10","0","tn",".3"
"108","467",108,467,"13","1","nn",".1"
"109","540",109,540,"6","0","tn",".2"
"110","597",110,597,"3","1","nn",".2"
"111","2348",111,2348,"12","3","nt",".5"
"112","181",112,181,"8","4","nt",".1"
"113","926",113,926,"13","0","tn",".2"
"114","973",114,973,"7","7","nt",".3"
"115","673",115,673,"4","2","nn",".2"
"116","132",116,132,"14","1","nn",".1"
"117","1648",117,1648,"13","2","tn",".4"
"118","2056",118,2056,"14","13","nt",".5"
"119","802",119,802,"11","2","tn",".2"
"120","2310",120,2310,"5","0","tt",".5"
"121","665",121,665,"8","7","tn",".2"
"122","2291",122,2291,"13","4","nt",".5"
"123","2326",123,2326,"14","7","tt",".5"
"124","2181",124,2181,"8","8","tn",".5"
"125","799",125,799,"9","4","nt",".2"
"126","1923",126,1923,"5","5","tn",".5"
"127","613",127,613,"11","9","nn",".2"
"128","1633",128,1633,"12","8","nt",".4"
"129","960",129,960,"11","2","nn",".3"
"130","1260",130,1260,"12","2","nn",".3"
"131","286",131,286,"6","0","nt",".1"
"132","986",132,986,"10","4","tn",".3"
"133","1089",133,1089,"12","12","tt",".3"
"134","2188",134,2188,"14","9","nt",".5"
"135","811",135,811,"8","4","nt",".2"
"136","2277",136,2277,"14","8","tn",".5"
"137","2122",137,2122,"3","3","tt",".5"
"138","1902",138,1902,"12","8","tt",".4"
"139","2263",139,2263,"11","2","nt",".5"
"140","1000",140,1000,"10","10","nt",".3"
"141","1363",141,1363,"12","9","tn",".3"
"142","1426",142,1426,"11","6","tn",".3"
"143","1972",143,1972,"14","7","nt",".5"
"144","1253",144,1253,"3","1","tn",".3"
"145","2006",145,2006,"11","8","nt",".5"
"146","825",146,825,"13","5","nt",".2"
"147","740",147,740,"14","7","nn",".2"
"148","1538",148,1538,"12","7","nn",".4"
"149","197",149,197,"4","3","nn",".1"
"150","1297",150,1297,"4","2","tn",".3"
"151","660",151,660,"6","3","nt",".2"
"152","1591",152,1591,"9","4","tt",".4"
"153","2202",153,2202,"3","0","nn",".5"
"154","2106",154,2106,"6","2","tn",".5"
"155","1944",155,1944,"8","2","tt",".5"
"156","1343",156,1343,"6","5","nt",".3"
"157","1577",157,1577,"5","4","tn",".4"
"158","646",158,646,"14","5","nt",".2"
"159","354",159,354,"13","5","nt",".1"
"160","41",160,41,"6","0","tt",".1"
"161","1403",161,1403,"14","13","nt",".3"
"162","495",162,495,"12","10","tt",".2"
"163","750",163,750,"14","13","tt",".2"
"164","1344",164,1344,"11","9","nt",".3"
"165","735",165,735,"12","7","tn",".2"
"166","149",166,149,"4","3","tn",".1"
"167","1198",167,1198,"11","7","nt",".3"
"168","1858",168,1858,"7","6","tt",".4"
"169","1841",169,1841,"12","9","tn",".4"
"170","277",170,277,"9","9","nn",".1"
"171","1756",171,1756,"2","0","tt",".4"
"172","35",172,35,"14","13","tn",".1"
"173","618",173,618,"9","1","tt",".2"
"174","589",174,589,"8","1","tt",".2"
"175","416",175,416,"8","6","tt",".1"
"176","1562",176,1562,"12","11","tn",".4"
"177","2036",177,2036,"13","4","nn",".5"
"178","1641",178,1641,"11","6","nn",".4"
"179","1720",179,1720,"14","7","tn",".4"
"180","44",180,44,"3","2","tn",".1"
"181","866",181,866,"10","7","tt",".2"
"182","1528",182,1528,"14","13","nt",".4"
"183","2146",183,2146,"10","5","tn",".5"
"184","535",184,535,"7","3","nt",".2"
"185","2062",185,2062,"8","1","tt",".5"
"186","389",186,389,"14","0","nt",".1"
"187","152",187,152,"8","2","nt",".1"
"188","1167",188,1167,"14","5","nn",".3"
"189","1730",189,1730,"13","9","tt",".4"
"190","1069",190,1069,"11","8","nn",".3"
"191","1177",191,1177,"6","6","nn",".3"
"192","1649",192,1649,"13","8","tt",".4"
"193","156",193,156,"13","2","tn",".1"
"194","575",194,575,"3","3","nt",".2"
"195","692",195,692,"13","8","tn",".2"
"196","1846",196,1846,"10","7","nt",".4"
"197","1282",197,1282,"10","7","nn",".3"
"198","1674",198,1674,"13","10","tt",".4"
"199","1990",199,1990,"9","3","nn",".5"
"200","1790",200,1790,"9","9","tn",".4"
"201","570",201,570,"11","0","tn",".2"
"202","640",202,640,"8","2","tn",".2"
"203","2003",203,2003,"14","4","tt",".5"
"204","801",204,801,"13","12","tt",".2"
"205","2104",205,2104,"7","4","nn",".5"
"206","643",206,643,"9","6","tt",".2"
"207","920",207,920,"9","0","tt",".2"
"208","2084",208,2084,"12","6","tn",".5"
"209","2194",209,2194,"12","5","tt",".5"
"210","1802",210,1802,"6","6","nn",".4"
"211","1850",211,1850,"14","12","nn",".4"
"212","59",212,59,"7","6","tt",".1"
"213","565",213,565,"6","4","nt",".2"
"214","566",214,566,"13","1","nt",".2"
"215","2275",215,2275,"14","3","nn",".5"
"216","1007",216,1007,"9","8","tt",".3"
"217","136",217,136,"8","0","nt",".1"
"218","767",218,767,"14","12","nn",".2"
"219","1425",219,1425,"9","9","tn",".3"
"220","717",220,717,"11","9","nt",".2"
"221","2074",221,2074,"10","6","nn",".5"
"222","2151",222,2151,"13","5","nt",".5"
"223","64",223,64,"4","0","nn",".1"
"224","2050",224,2050,"3","0","nt",".5"
"225","2378",225,2378,"13","3","nn",".5"
"226","332",226,332,"10","9","nt",".1"
"227","417",227,417,"6","2","tn",".1"
"228","267",228,267,"3","1","tt",".1"
"229","2232",229,2232,"6","4","tn",".5"
"230","1019",230,1019,"11","9","tt",".3"
"231","835",231,835,"10","1","nn",".2"
"232","294",232,294,"14","4","tt",".1"
"233","1137",233,1137,"7","2","tn",".3"
"234","1351",234,1351,"7","3","tn",".3"
"235","250",235,250,"4","2","tn",".1"
"236","531",236,531,"3","1","tt",".2"
"237","402",237,402,"3","1","tn",".1"
"238","1890",238,1890,"7","0","nn",".4"
"239","1230",239,1230,"13","10","nt",".3"
"240","733",240,733,"10","0","nn",".2"
"241","772",241,772,"4","3","tn",".2"
"242","787",242,787,"13","7","tt",".2"
"243","1566",243,1566,"10","3","nt",".4"
"244","1656",244,1656,"9","1","nt",".4"
"245","1219",245,1219,"4","4","nt",".3"
"246","2011",246,2011,"5","1","tn",".5"
"247","361",247,361,"13","6","tt",".1"
"248","2316",248,2316,"13","2","tt",".5"
"249","2086",249,2086,"12","11","nn",".5"
"250","1493",250,1493,"12","2","tt",".4"
"251","1839",251,1839,"9","9","nt",".4"
"252","261",252,261,"11","10","nn",".1"
"253","340",253,340,"5","4","nt",".1"
"254","1063",254,1063,"1","0","nt",".3"
"255","2368",255,2368,"9","8","tn",".5"
"256","573",256,573,"7","3","nn",".2"
"257","1933",257,1933,"6","0","tt",".5"
"258","2201",258,2201,"13","5","tt",".5"
"259","792",259,792,"8","7","nt",".2"
"260","122",260,122,"6","4","nt",".1"
"261","1006",261,1006,"9","2","nn",".3"
"262","2139",262,2139,"7","1","nt",".5"
"263","929",263,929,"7","4","tn",".2"
"264","366",264,366,"13","9","nt",".1"
"265","770",265,770,"3","2","nt",".2"
"266","1326",266,1326,"4","4","tt",".3"
"267","2208",267,2208,"13","5","nn",".5"
"268","603",268,603,"11","7","nn",".2"
"269","626",269,626,"12","7","nn",".2"
"270","635",270,635,"13","13","nn",".2"
"271","1695",271,1695,"10","9","nt",".4"
"272","1188",272,1188,"10","1","nn",".3"
"273","519",273,519,"14","0","nt",".2"
"274","43",274,43,"12","11","nt",".1"
"275","1410",275,1410,"7","7","tt",".3"
"276","1304",276,1304,"10","4","nn",".3"
"277","982",277,982,"9","6","nn",".3"
"278","99",278,99,"9","6","tn",".1"
"279","974",279,974,"9","2","nt",".3"
"280","1040",280,1040,"6","0","tn",".3"
"281","1036",281,1036,"13","7","tt",".3"
"282","991",282,991,"9","7","tt",".3"
"283","1391",283,1391,"13","2","tn",".3"
"284","1755",284,1755,"13","8","nt",".4"
"285","67",285,67,"7","7","nt",".1"
"286","1479",286,1479,"2","2","tt",".4"
"287","999",287,999,"9","1","tt",".3"
"288","998",288,998,"6","5","tn",".3"
"289","1964",289,1964,"5","4","nt",".5"
"290","2002",290,2002,"12","11","tt",".5"
"291","80",291,80,"14","13","nn",".1"
"292","795",292,795,"13","10","tn",".2"
"293","1462",293,1462,"9","0","tn",".4"
"294","1603",294,1603,"9","6","tn",".4"
"295","2222",295,2222,"11","1","nt",".5"
"296","2325",296,2325,"11","3","nn",".5"
"297","2161",297,2161,"12","12","nn",".5"
"298","1502",298,1502,"11","11","nt",".4"
"299","1494",299,1494,"10","1","nn",".4"
"300","1811",300,1811,"8","7","tt",".4"
"301","1295",301,1295,"10","3","nt",".3"
"302","42",302,42,"12","2","nt",".1"
"303","1872",303,1872,"3","0","nt",".4"
"304","1739",304,1739,"13","12","nn",".4"
"305","1613",305,1613,"11","2","nt",".4"
"306","1368",306,1368,"7","2","tt",".3"
"307","1658",307,1658,"3","3","nt",".4"
"308","1245",308,1245,"10","3","tn",".3"
"309","1683",309,1683,"14","1","tn",".4"
"310","871",310,871,"4","3","nt",".2"
"311","2216",311,2216,"8","4","tn",".5"
"312","598",312,598,"13","8","tt",".2"
"313","1243",313,1243,"6","5","nn",".3"
"314","123",314,123,"7","1","nt",".1"
"315","1324",315,1324,"14","3","tn",".3"
"316","1422",316,1422,"14","4","tt",".3"
"317","2108",317,2108,"11","7","tt",".5"
"318","868",318,868,"5","2","nt",".2"
"319","1965",319,1965,"9","2","tt",".5"
"320","1962",320,1962,"5","1","tt",".5"
"321","334",321,334,"13","1","tn",".1"
"322","1689",322,1689,"14","11","tn",".4"
"323","2076",323,2076,"2","1","tt",".5"
"324","453",324,453,"8","1","tt",".1"
"325","1870",325,1870,"13","13","nn",".4"
"326","815",326,815,"9","9","nt",".2"
"327","1264",327,1264,"8","6","nt",".3"
"328","1354",328,1354,"7","0","tn",".3"
"329","559",329,559,"13","13","tn",".2"
"330","1578",330,1578,"13","5","nn",".4"
"331","785",331,785,"5","2","tt",".2"
"332","179",332,179,"5","5","nt",".1"
"333","1333",333,1333,"14","13","tt",".3"
"334","1012",334,1012,"10","6","nn",".3"
"335","726",335,726,"12","9","nt",".2"
"336","863",336,863,"13","9","nn",".2"
"337","2099",337,2099,"12","10","tt",".5"
"338","1810",338,1810,"1","0","nn",".4"
"339","1998",339,1998,"6","1","nt",".5"
"340","274",340,274,"12","7","nt",".1"
"341","1393",341,1393,"13","10","tt",".3"
"342","1098",342,1098,"7","6","nn",".3"
"343","404",343,404,"6","1","nn",".1"
"344","2266",344,2266,"2","0","nt",".5"
"345","50",345,50,"14","7","tt",".1"
"346","2063",346,2063,"8","4","tt",".5"
"347","543",347,543,"8","2","tt",".2"
"348","997",348,997,"13","0","nt",".3"
"349","972",349,972,"8","8","tn",".3"
"350","2069",350,2069,"9","0","tt",".5"
"351","777",351,777,"12","8","tt",".2"
"352","1411",352,1411,"14","8","tt",".3"
"353","2072",353,2072,"5","3","nn",".5"
"354","1320",354,1320,"13","8","tt",".3"
"355","298",355,298,"11","7","tn",".1"
"356","256",356,256,"9","1","nn",".1"
"357","1224",357,1224,"12","3","tn",".3"
"358","1419",358,1419,"7","3","nn",".3"
"359","583",359,583,"11","11","nn",".2"
"360","1318",360,1318,"12","2","tt",".3"
"361","2370",361,2370,"3","1","tt",".5"
"362","2008",362,2008,"14","8","tt",".5"
"363","348",363,348,"9","2","nt",".1"
"364","1153",364,1153,"12","5","nt",".3"
"365","2243",365,2243,"7","7","nn",".5"
"366","2114",366,2114,"9","8","nn",".5"
"367","1155",367,1155,"6","4","nt",".3"
"368","1456",368,1456,"12","6","nn",".4"
"369","319",369,319,"12","10","tt",".1"
"370","971",370,971,"9","0","tn",".3"
"371","1469",371,1469,"8","6","nn",".4"
"372","419",372,419,"7","0","tt",".1"
"373","1821",373,1821,"14","5","tn",".4"
"374","479",374,479,"10","2","nn",".2"
"375","166",375,166,"13","10","nt",".1"
"376","1637",376,1637,"14","9","tn",".4"
"377","2085",377,2085,"7","7","tn",".5"
"378","270",378,270,"13","13","tt",".1"
"379","941",379,941,"11","9","tt",".2"
"380","1374",380,1374,"6","2","tt",".3"
"381","518",381,518,"10","4","tn",".2"
"382","2033",382,2033,"9","7","tn",".5"
"383","2248",383,2248,"11","3","nt",".5"
"384","260",384,260,"11","7","tt",".1"
"385","63",385,63,"14","9","nn",".1"
"386","947",386,947,"7","5","tt",".2"
"387","1530",387,1530,"8","2","nt",".4"
"388","49",388,49,"7","3","nt",".1"
"389","651",389,651,"12","9","tt",".2"
"390","981",390,981,"7","3","tt",".3"
"391","185",391,185,"12","3","tt",".1"
"392","877",392,877,"8","4","tt",".2"
"393","1855",393,1855,"7","7","tt",".4"
"394","647",394,647,"6","4","tn",".2"
"395","654",395,654,"14","0","nn",".2"
"396","1941",396,1941,"9","0","tn",".5"
"397","499",397,499,"3","1","tn",".2"
"398","1218",398,1218,"8","7","tn",".3"
"399","1148",399,1148,"9","5","nt",".3"
"400","101",400,101,"13","12","nn",".1"
"401","1423",401,1423,"6","1","nn",".3"
"402","1859",402,1859,"12","0","nt",".4"
"403","1332",403,1332,"9","4","tt",".3"
"404","69",404,69,"14","5","nt",".1"
"405","1290",405,1290,"13","13","tn",".3"
"406","1184",406,1184,"2","0","tt",".3"
"407","781",407,781,"14","3","nt",".2"
"408","1978",408,1978,"14","11","nt",".5"
"409","1156",409,1156,"3","1","nn",".3"
"410","45",410,45,"12","0","tn",".1"
"411","311",411,311,"14","1","tt",".1"
"412","491",412,491,"14","12","nt",".2"
"413","2246",413,2246,"10","1","nn",".5"
"414","528",414,528,"8","5","tt",".2"
"415","641",415,641,"5","5","tn",".2"
"416","1871",416,1871,"4","4","nt",".4"
"417","1508",417,1508,"13","3","nt",".4"
"418","1741",418,1741,"9","2","tn",".4"
"419","89",419,89,"11","9","nn",".1"
"420","922",420,922,"13","0","tt",".2"
"421","114",421,114,"14","8","nt",".1"
"422","2221",422,2221,"14","3","nt",".5"
"423","858",423,858,"2","2","tn",".2"
"424","30",424,30,"9","7","tn",".1"
"425","1569",425,1569,"14","14","nt",".4"
"426","200",426,200,"13","4","nn",".1"
"427","1831",427,1831,"1","1","nt",".4"
"428","2369",428,2369,"13","1","tt",".5"
"429","1037",429,1037,"9","9","tt",".3"
"430","391",430,391,"13","12","tn",".1"
"431","2101",431,2101,"13","2","nt",".5"
"432","2123",432,2123,"11","6","tn",".5"
"433","1448",433,1448,"10","0","nn",".4"
"434","232",434,232,"10","2","tt",".1"
"435","1013",435,1013,"5","4","nt",".3"
"436","1160",436,1160,"14","10","tt",".3"
"437","1615",437,1615,"11","10","nt",".4"
"438","1428",438,1428,"4","1","nn",".3"
"439","1252",439,1252,"5","0","tn",".3"
"440","1937",440,1937,"7","1","tn",".5"
"441","344",441,344,"13","13","tn",".1"
"442","1719",442,1719,"12","3","nt",".4"
"443","783",443,783,"9","7","nt",".2"
"444","328",444,328,"12","3","tn",".1"
"445","2366",445,2366,"5","3","tt",".5"
"446","1021",446,1021,"7","2","nn",".3"
"447","1816",447,1816,"6","1","nn",".4"
"448","2175",448,2175,"5","4","tn",".5"
"449","2356",449,2356,"13","12","nt",".5"
"450","1293",450,1293,"3","2","nn",".3"
"451","458",451,458,"5","1","tn",".1"
"452","1414",452,1414,"13","7","nt",".3"
"453","1431",453,1431,"8","3","tn",".4"
"454","1283",454,1283,"13","10","nn",".3"
"455","2367",455,2367,"11","9","nt",".5"
"456","2306",456,2306,"13","3","tn",".5"
"457","680",457,680,"13","2","tt",".2"
"458","2281",458,2281,"10","9","nt",".5"
"459","1632",459,1632,"9","8","tt",".4"
"460","460",460,460,"13","1","nt",".1"
"461","708",461,708,"4","1","nn",".2"
"462","13",462,13,"12","3","nn",".1"
"463","364",463,364,"9","0","tn",".1"
"464","1113",464,1113,"4","2","nt",".3"
"465","320",465,320,"14","11","tt",".1"
"466","1581",466,1581,"12","0","tn",".4"
"467","1415",467,1415,"12","5","tt",".3"
"468","1773",468,1773,"14","1","tt",".4"
"469","1590",469,1590,"6","3","tn",".4"
"470","192",470,192,"7","2","nn",".1"
"471","695",471,695,"2","2","tt",".2"
"472","1498",472,1498,"10","10","nt",".4"
"473","482",473,482,"8","1","nn",".2"
"474","1266",474,1266,"3","2","nt",".3"
"475","318",475,318,"7","3","nn",".1"
"476","560",476,560,"8","8","nt",".2"
"477","1765",477,1765,"13","10","tn",".4"
"478","1712",478,1712,"14","13","nn",".4"
"479","2041",479,2041,"8","1","nn",".5"
"480","550",480,550,"14","9","tn",".2"
"481","199",481,199,"9","1","nt",".1"
"482","798",482,798,"14","14","tn",".2"
"483","147",483,147,"11","9","nt",".1"
"484","422",484,422,"10","9","tn",".1"
"485","2154",485,2154,"9","7","nn",".5"
"486","2236",486,2236,"12","0","tn",".5"
"487","1480",487,1480,"9","2","tt",".4"
"488","992",488,992,"12","4","tn",".3"
"489","600",489,600,"13","3","nt",".2"
"490","1471",490,1471,"14","8","nt",".4"
"491","2100",491,2100,"5","5","nn",".5"
"492","1364",492,1364,"11","6","nn",".3"
"493","1853",493,1853,"13","0","tt",".4"
"494","96",494,96,"9","1","tn",".1"
"495","2029",495,2029,"13","2","tn",".5"
"496","631",496,631,"14","11","tn",".2"
"497","2191",497,2191,"5","2","tn",".5"
"498","2107",498,2107,"13","10","tt",".5"
"499","2354",499,2354,"3","1","nt",".5"
"500","594",500,594,"11","8","nt",".2"
"501","5",501,5,"4","0","tn",".1"
"502","138",502,138,"9","3","nn",".1"
"503","1477",503,1477,"12","6","nt",".4"
"504","400",504,400,"9","1","tt",".1"
"505","1662",505,1662,"10","5","nt",".4"
"506","1472",506,1472,"6","5","nt",".4"
"507","1196",507,1196,"2","1","nn",".3"
"508","1277",508,1277,"10","9","nt",".3"
"509","1657",509,1657,"4","3","tn",".4"
"510","569",510,569,"10","9","tn",".2"
"511","893",511,893,"13","12","nt",".2"
"512","1258",512,1258,"9","5","tt",".3"
"513","1994",513,1994,"12","11","tn",".5"
"514","113",514,113,"10","10","nn",".1"
"515","493",515,493,"14","7","tn",".2"
"516","1772",516,1772,"12","11","nt",".4"
"517","910",517,910,"9","4","tn",".2"
"518","2278",518,2278,"8","1","nt",".5"
"519","1992",519,1992,"14","6","tt",".5"
"520","895",520,895,"13","5","tt",".2"
"521","1144",521,1144,"8","6","nn",".3"
"522","2118",522,2118,"14","11","nn",".5"
"523","14",523,14,"12","1","tt",".1"
"524","849",524,849,"10","9","nn",".2"
"525","24",525,24,"10","5","nt",".1"
"526","1955",526,1955,"7","3","tn",".5"
"527","779",527,779,"12","1","nt",".2"
"528","2149",528,2149,"9","5","tt",".5"
"529","2228",529,2228,"10","5","nn",".5"
"530","214",530,214,"9","6","tt",".1"
"531","2110",531,2110,"12","6","nt",".5"
"532","913",532,913,"4","0","tt",".2"
"533","506",533,506,"3","2","nn",".2"
"534","215",534,215,"10","9","tt",".1"
"535","878",535,878,"10","10","nn",".2"
"536","1843",536,1843,"10","6","tt",".4"
"537","773",537,773,"14","11","tt",".2"
"538","1178",538,1178,"9","0","nt",".3"
"539","544",539,544,"10","6","tn",".2"
"540","336",540,336,"13","1","tt",".1"
"541","2096",541,2096,"13","9","nn",".5"
"542","685",542,685,"3","3","nn",".2"
"543","1308",543,1308,"5","3","nt",".3"
"544","694",544,694,"4","2","nt",".2"
"545","2273",545,2273,"6","6","nn",".5"
"546","75",546,75,"8","0","tt",".1"
"547","424",547,424,"6","4","nn",".1"
"548","213",548,213,"10","6","nt",".1"
"549","1192",549,1192,"14","1","tn",".3"
"550","1120",550,1120,"14","4","nt",".3"
"551","752",551,752,"8","0","tt",".2"
"552","707",552,707,"10","10","nt",".2"
"553","2223",553,2223,"7","3","tt",".5"
"554","907",554,907,"12","7","tt",".2"
"555","1893",555,1893,"13","13","tn",".4"
"556","830",556,830,"10","1","tn",".2"
"557","1754",557,1754,"14","6","tt",".4"
"558","1390",558,1390,"14","3","nn",".3"
"559","1372",559,1372,"14","12","tn",".3"
"560","2260",560,2260,"11","3","tn",".5"
"561","760",561,760,"7","4","nn",".2"
"562","176",562,176,"12","5","tn",".1"
"563","1490",563,1490,"13","7","nn",".4"
"564","2262",564,2262,"11","4","tt",".5"
"565","1867",565,1867,"8","2","tn",".4"
"566","870",566,870,"8","3","nt",".2"
"567","365",567,365,"3","3","nn",".1"
"568","508",568,508,"11","3","tn",".2"
"569","1601",569,1601,"6","4","nn",".4"
"570","1112",570,1112,"13","9","nt",".3"
"571","1901",571,1901,"10","1","nt",".4"
"572","1492",572,1492,"14","13","tn",".4"
"573","590",573,590,"8","4","tn",".2"
"574","1925",574,1925,"10","2","tt",".5"
"575","28",575,28,"9","3","tn",".1"
"576","1079",576,1079,"14","14","nt",".3"
"577","897",577,897,"13","9","tt",".2"
"578","2355",578,2355,"2","0","nn",".5"
"579","1927",579,1927,"11","5","tn",".5"
"580","1786",580,1786,"11","9","tt",".4"
"581","254",581,254,"5","1","nt",".1"
"582","1327",582,1327,"14","1","tt",".3"
"583","847",583,847,"12","1","tt",".2"
"584","1347",584,1347,"9","2","tn",".3"
"585","2022",585,2022,"4","2","nn",".5"
"586","505",586,505,"6","3","nn",".2"
"587","2182",587,2182,"7","3","nt",".5"
"588","855",588,855,"6","2","tt",".2"
"589","1097",589,1097,"2","1","tn",".3"
"590","180",590,180,"10","4","nt",".1"
"591","564",591,564,"14","3","tt",".2"
"592","1136",592,1136,"5","0","tt",".3"
"593","2167",593,2167,"7","4","tt",".5"
"594","791",594,791,"8","3","tt",".2"
"595","604",595,604,"6","3","tn",".2"
"596","620",596,620,"6","6","nt",".2"
"597","1080",597,1080,"8","2","tt",".3"
"598","1273",598,1273,"5","5","nn",".3"
"599","761",599,761,"14","2","tn",".2"
"600","542",600,542,"14","1","tn",".2"
"601","675",601,675,"11","5","tt",".2"
"602","1221",602,1221,"12","11","tn",".3"
"603","1209",603,1209,"8","4","nt",".3"
"604","807",604,807,"14","2","tt",".2"
"605","507",605,507,"12","4","nt",".2"
"606","884",606,884,"10","3","nt",".2"
"607","1605",607,1605,"7","3","tn",".4"
"608","195",608,195,"12","6","tt",".1"
"609","842",609,842,"10","5","tt",".2"
"610","732",610,732,"13","8","nn",".2"
"611","463",611,463,"9","7","nn",".1"
"612","1787",612,1787,"13","3","tt",".4"
"613","1226",613,1226,"4","2","nn",".3"
"614","1548",614,1548,"13","4","tn",".4"
"615","188",615,188,"7","3","tn",".1"
"616","1043",616,1043,"5","1","nn",".3"
"617","92",617,92,"6","5","tt",".1"
"618","2087",618,2087,"8","5","nt",".5"
"619","1746",619,1746,"5","2","tn",".4"
"620","755",620,755,"5","3","nt",".2"
"621","666",621,666,"1","1","nn",".2"
"622","2117",622,2117,"12","11","nt",".5"
"623","579",623,579,"12","0","nt",".2"
"624","85",624,85,"12","11","tt",".1"
"625","2375",625,2375,"10","7","nn",".5"
"626","616",626,616,"9","2","tn",".2"
"627","1065",627,1065,"13","13","nn",".3"
"628","2177",628,2177,"4","1","tn",".5"
"629","1737",629,1737,"10","2","nt",".4"
"630","373",630,373,"14","14","nt",".1"
"631","903",631,903,"6","0","nn",".2"
"632","1272",632,1272,"8","1","tt",".3"
"633","1179",633,1179,"13","1","tt",".3"
"634","130",634,130,"5","4","nn",".1"
"635","117",635,117,"11","4","tn",".1"
"636","860",636,860,"10","5","nn",".2"
"637","249",637,249,"10","3","nt",".1"
"638","567",638,567,"11","0","nn",".2"
"639","1938",639,1938,"14","14","tt",".5"
"640","1033",640,1033,"8","7","nn",".3"
"641","2012",641,2012,"11","5","tt",".5"
"642","1232",642,1232,"6","4","tn",".3"
"643","821",643,821,"5","0","nt",".2"
"644","221",644,221,"14","12","tt",".1"
"645","427",645,427,"14","0","tn",".1"
"646","304",646,304,"7","7","tt",".1"
"647","1634",647,1634,"12","10","nt",".4"
"648","738",648,738,"9","1","tn",".2"
"649","2183",649,2183,"14","2","nt",".5"
"650","186",650,186,"12","2","tn",".1"
"651","1373",651,1373,"8","2","tn",".3"
"652","1825",652,1825,"4","2","nt",".4"
"653","324",653,324,"6","0","tn",".1"
"654","309",654,309,"11","7","nt",".1"
"655","1039",655,1039,"9","6","tn",".3"
"656","1735",656,1735,"14","6","tn",".4"
"657","2229",657,2229,"14","6","nn",".5"
"658","339",658,339,"13","0","nn",".1"
"659","1740",659,1740,"12","4","nn",".4"
"660","116",660,116,"14","0","nn",".1"
"661","1485",661,1485,"7","7","nt",".4"
"662","2323",662,2323,"12","0","nn",".5"
"663","217",663,217,"13","3","tt",".1"
"664","1321",664,1321,"13","7","tn",".3"
"665","1439",665,1439,"4","1","tt",".4"
"666","1257",666,1257,"12","6","tt",".3"
"667","447",667,447,"8","0","nn",".1"
"668","595",668,595,"13","12","tn",".2"
"669","2340",669,2340,"1","0","nt",".5"
"670","355",670,355,"11","5","tt",".1"
"671","744",671,744,"7","7","nn",".2"
"672","405",672,405,"6","4","tt",".1"
"673","746",673,746,"12","4","nn",".2"
"674","2280",674,2280,"13","8","nt",".5"
"675","1744",675,1744,"8","7","tn",".4"
"676","510",676,510,"11","1","nt",".2"
"677","1904",677,1904,"11","3","nn",".4"
"678","165",678,165,"11","3","nt",".1"
"679","2045",679,2045,"11","8","tt",".5"
"680","1644",680,1644,"6","6","tn",".4"
"681","1152",681,1152,"13","13","tt",".3"
"682","1095",682,1095,"12","1","nn",".3"
"683","1738",683,1738,"13","7","tn",".4"
"684","95",684,95,"7","1","tt",".1"
"685","1650",685,1650,"10","10","tn",".4"
"686","1852",686,1852,"13","2","tt",".4"
"687","793",687,793,"6","2","nn",".2"
"688","2109",688,2109,"5","0","tn",".5"
"689","1349",689,1349,"3","2","tn",".3"
"690","857",690,857,"5","1","tt",".2"
"691","212",691,212,"14","9","tn",".1"
"692","949",692,949,"14","12","tn",".2"
"693","1974",693,1974,"8","3","tn",".5"
"694","1300",694,1300,"7","6","nt",".3"
"695","1580",695,1580,"3","3","tt",".4"
"696","34",696,34,"10","0","nn",".1"
"697","731",697,731,"13","13","tt",".2"
"698","2267",698,2267,"13","2","nn",".5"
"699","1362",699,1362,"10","8","tn",".3"
"700","224",700,224,"11","6","tt",".1"
"701","1394",701,1394,"12","12","tn",".3"
"702","21",702,21,"14","3","nn",".1"
"703","1286",703,1286,"10","8","nn",".3"
"704","1794",704,1794,"14","11","tt",".4"
"705","205",705,205,"10","2","nt",".1"
"706","1558",706,1558,"6","2","nt",".4"
"707","1244",707,1244,"8","3","tt",".3"
"708","1898",708,1898,"9","4","tn",".4"
"709","723",709,723,"7","1","tn",".2"
"710","1075",710,1075,"12","2","nt",".3"
"711","326",711,326,"14","10","nt",".1"
"712","18",712,18,"1","0","tt",".1"
"713","958",713,958,"3","1","tt",".3"
"714","1383",714,1383,"7","4","nn",".3"
"715","245",715,245,"8","1","nt",".1"
"716","1745",716,1745,"12","3","tn",".4"
"717","504",717,504,"10","6","nn",".2"
"718","423",718,423,"12","4","nt",".1"
"719","1145",719,1145,"13","1","nn",".3"
"720","1584",720,1584,"4","0","tt",".4"
"721","630",721,630,"13","9","nt",".2"
"722","353",722,353,"13","7","nt",".1"
"723","645",723,645,"9","4","tt",".2"
"724","347",724,347,"7","5","tt",".1"
"725","741",725,741,"11","9","tn",".2"
"726","2091",726,2091,"4","2","tt",".5"
"727","1168",727,1168,"3","3","nt",".3"
"728","1706",728,1706,"8","3","nt",".4"
"729","1542",729,1542,"13","5","nt",".4"
"730","1984",730,1984,"9","9","nn",".5"
"731","1573",731,1573,"13","1","tt",".4"
"732","1894",732,1894,"8","4","tt",".4"
"733","1840",733,1840,"7","5","nt",".4"
"734","580",734,580,"12","5","tt",".2"
"735","1724",735,1724,"7","6","nt",".4"
"736","484",736,484,"12","3","tn",".2"
"737","1834",737,1834,"11","2","nn",".4"
"738","1609",738,1609,"12","11","nn",".4"
"739","285",739,285,"14","13","nt",".1"
"740","1090",740,1090,"8","0","tt",".3"
"741","1619",741,1619,"6","0","tt",".4"
"742","1289",742,1289,"12","9","nt",".3"
"743","1216",743,1216,"12","6","nn",".3"
"744","1092",744,1092,"5","3","tt",".3"
"745","1169",745,1169,"12","8","tn",".3"
"746","2341",746,2341,"10","0","nt",".5"
"747","22",747,22,"12","12","nt",".1"
"748","1541",748,1541,"13","0","tn",".4"
"749","1564",749,1564,"14","12","nt",".4"
"750","1430",750,1430,"6","6","tt",".4"
"751","524",751,524,"10","9","nt",".2"
"752","1484",752,1484,"6","0","nn",".4"
"753","2102",753,2102,"14","1","tn",".5"
"754","162",754,162,"10","0","nt",".1"
"755","396",755,396,"11","1","nn",".1"
"756","1795",756,1795,"12","2","tn",".4"
"757","1599",757,1599,"6","1","tt",".4"
"758","794",758,794,"14","13","tn",".2"
"759","689",759,689,"14","7","nt",".2"
"760","1270",760,1270,"10","0","nn",".3"
"761","1194",761,1194,"13","3","tt",".3"
"762","1340",762,1340,"4","0","tt",".3"
"763","1594",763,1594,"2","2","nn",".4"
"764","134",764,134,"14","6","nn",".1"
"765","1442",765,1442,"6","5","nn",".4"
"766","1197",766,1197,"2","0","nt",".3"
"767","1165",767,1165,"8","4","tn",".3"
"768","454",768,454,"13","9","tt",".1"
"769","381",769,381,"9","0","nn",".1"
"770","1126",770,1126,"8","2","nn",".3"
"771","2103",771,2103,"9","8","tt",".5"
"772","1163",772,1163,"4","1","nt",".3"
"773","1921",773,1921,"12","1","nt",".5"
"774","2198",774,2198,"10","9","tt",".5"
"775","697",775,697,"13","1","tt",".2"
"776","169",776,169,"13","7","tn",".1"
"777","1262",777,1262,"6","4","nn",".3"
"778","109",778,109,"8","1","nn",".1"
"779","1876",779,1876,"7","4","nn",".4"
"780","1447",780,1447,"7","7","nn",".4"
"781","846",781,846,"5","0","nn",".2"
"782","568",782,568,"12","3","tt",".2"
"783","1339",783,1339,"13","5","nt",".3"
"784","2284",784,2284,"14","0","tt",".5"
"785","2043",785,2043,"11","4","nn",".5"
"786","970",786,970,"9","5","nn",".3"
"787","111",787,111,"5","5","nn",".1"
"788","1516",788,1516,"6","6","nt",".4"
"789","2327",789,2327,"11","1","nn",".5"
"790","2249",790,2249,"9","2","nt",".5"
"791","581",791,581,"6","4","nn",".2"
"792","1056",792,1056,"10","6","tt",".3"
"793","1053",793,1053,"13","3","nn",".3"
"794","1885",794,1885,"14","12","tn",".4"
"795","1618",795,1618,"11","0","nt",".4"
"796","840",796,840,"8","1","nt",".2"
"797","1824",797,1824,"8","5","nt",".4"
"798","238",798,238,"3","3","nt",".1"
"799","1116",799,1116,"13","12","tt",".3"
"800","625",800,625,"12","8","nn",".2"
"801","1398",801,1398,"7","6","tt",".3"
"802","271",802,271,"14","14","nn",".1"
"803","637",803,637,"2","1","nt",".2"
"804","306",804,306,"8","5","tt",".1"
"805","1099",805,1099,"10","6","nt",".3"
"806","2057",806,2057,"10","0","nn",".5"
"807","1757",807,1757,"12","1","nn",".4"
"808","1008",808,1008,"8","0","nn",".3"
"809","141",809,141,"7","2","tt",".1"
"810","247",810,247,"10","0","tn",".1"
"811","196",811,196,"12","4","tt",".1"
"812","1507",812,1507,"9","8","nn",".4"
"813","2322",813,2322,"13","7","tt",".5"
"814","1963",814,1963,"4","1","nn",".5"
"815","471",815,471,"8","1","tn",".1"
"816","1309",816,1309,"12","9","nn",".3"
"817","1879",817,1879,"12","12","nn",".4"
"818","1931",818,1931,"10","1","tn",".5"
"819","191",819,191,"11","8","nn",".1"
"820","2247",820,2247,"1","0","tn",".5"
"821","2377",821,2377,"11","4","tn",".5"
"822","615",822,615,"10","8","tt",".2"
"823","1525",823,1525,"13","1","nt",".4"
"824","398",824,398,"2","0","nn",".1"
"825","1124",825,1124,"10","9","tt",".3"
"826","2021",826,2021,"8","0","tt",".5"
"827","375",827,375,"3","1","nn",".1"
"828","759",828,759,"14","13","nt",".2"
"829","710",829,710,"4","3","nn",".2"
"830","905",830,905,"2","0","nn",".2"
"831","2309",831,2309,"6","5","nn",".5"
"832","1684",832,1684,"7","5","tn",".4"
"833","1072",833,1072,"10","8","tt",".3"
"834","875",834,875,"7","6","nt",".2"
"835","1685",835,1685,"13","0","nt",".4"
"836","977",836,977,"14","4","tn",".3"
"837","1519",837,1519,"6","3","nt",".4"
"838","337",838,337,"11","8","tt",".1"
"839","517",839,517,"14","6","nn",".2"
"840","280",840,280,"7","5","nn",".1"
"841","712",841,712,"4","4","nt",".2"
"842","2279",842,2279,"6","6","nt",".5"
"843","26",843,26,"13","5","tt",".1"
"844","492",844,492,"10","0","nt",".2"
"845","140",845,140,"7","0","nn",".1"
"846","2019",846,2019,"3","2","tn",".5"
"847","36",847,36,"7","6","nt",".1"
"848","1668",848,1668,"5","2","tt",".4"
"849","728",849,728,"9","9","tt",".2"
"850","1379",850,1379,"10","2","nn",".3"
"851","2213",851,2213,"13","4","tt",".5"
"852","638",852,638,"14","8","nn",".2"
"853","1370",853,1370,"14","9","tt",".3"
"854","1897",854,1897,"12","3","tt",".4"
"855","462",855,462,"2","2","tt",".1"
"856","2288",856,2288,"4","4","tn",".5"
"857","253",857,253,"8","7","nt",".1"
"858","2360",858,2360,"11","6","nn",".5"
"859","896",859,896,"8","5","tn",".2"
"860","1704",860,1704,"1","1","tt",".4"
"861","867",861,867,"7","7","tt",".2"
"862","2300",862,2300,"10","4","tt",".5"
"863","488",863,488,"2","2","nn",".2"
"864","700",864,700,"10","0","tn",".2"
"865","168",865,168,"10","7","tn",".1"
"866","1866",866,1866,"8","8","nt",".4"
"867","686",867,686,"4","1","tt",".2"
"868","1909",868,1909,"12","10","nn",".5"
"869","619",869,619,"9","5","nn",".2"
"870","511",870,511,"11","2","tt",".2"
"871","3",871,3,"14","4","nt",".1"
"872","874",872,874,"7","2","tn",".2"
"873","521",873,521,"7","0","tn",".2"
"874","612",874,612,"6","3","tt",".2"
"875","854",875,854,"9","2","nt",".2"
"876","1123",876,1123,"9","7","nn",".3"
"877","88",877,88,"3","2","nn",".1"
"878","1433",878,1433,"5","3","nn",".4"
"879","1125",879,1125,"14","6","nn",".3"
"880","2359",880,2359,"13","11","tt",".5"
"881","444",881,444,"14","4","nn",".1"
"882","995",882,995,"11","0","nt",".3"
"883","2166",883,2166,"10","6","tn",".5"
"884","1466",884,1466,"8","3","nn",".4"
"885","1213",885,1213,"14","3","tt",".3"
"886","115",886,115,"2","1","nt",".1"
"887","2299",887,2299,"3","3","nt",".5"
"888","1547",888,1547,"12","5","tn",".4"
"889","537",889,537,"14","6","nt",".2"
"890","909",890,909,"12","2","tt",".2"
"891","1134",891,1134,"10","4","tt",".3"
"892","2137",892,2137,"14","11","tt",".5"
"893","1405",893,1405,"8","1","nt",".3"
"894","38",894,38,"10","4","tt",".1"
"895","1703",895,1703,"4","3","nn",".4"
"896","1032",896,1032,"9","8","tn",".3"
"897","1556",897,1556,"5","0","nt",".4"
"898","1642",898,1642,"7","6","tn",".4"
"899","711",899,711,"9","7","tn",".2"
"900","2162",900,2162,"14","9","tt",".5"
"901","1166",901,1166,"14","8","nt",".3"
"902","1220",902,1220,"7","5","tn",".3"
"903","1636",903,1636,"9","3","tt",".4"
"904","2307",904,2307,"8","6","tt",".5"
"905","939",905,939,"14","8","tt",".2"
"906","1607",906,1607,"11","7","nt",".4"
"907","1509",907,1509,"13","9","nt",".4"
"908","1109",908,1109,"14","0","tn",".3"
"909","1059",909,1059,"14","11","nt",".3"
"910","233",910,233,"10","4","nn",".1"
"911","1022",911,1022,"11","3","tt",".3"
"912","776",912,776,"11","6","tn",".2"
"913","1294",913,1294,"11","2","tn",".3"
"914","4",914,4,"12","12","tt",".1"
"915","1833",915,1833,"2","1","nn",".4"
"916","2145",916,2145,"11","8","nn",".5"
"917","1627",917,1627,"11","0","tt",".4"
"918","83",918,83,"11","4","nn",".1"
"919","103",919,103,"6","2","tt",".1"
"920","684",920,684,"4","0","nn",".2"
"921","2230",921,2230,"14","10","tn",".5"
"922","931",922,931,"9","0","nt",".2"
"923","1319",923,1319,"9","1","nt",".3"
"924","782",924,782,"7","3","tt",".2"
"925","2364",925,2364,"8","2","nn",".5"
"926","729",926,729,"6","5","nn",".2"
"927","1504",927,1504,"2","1","nt",".4"
"928","1384",928,1384,"9","7","nt",".3"
"929","2098",929,2098,"13","11","nt",".5"
"930","533",930,533,"14","3","tn",".2"
"931","61",931,61,"12","2","tt",".1"
"932","1945",932,1945,"14","6","tn",".5"
"933","228",933,228,"7","5","tn",".1"
"934","442",934,442,"11","8","nt",".1"
"935","1105",935,1105,"14","7","nn",".3"
"936","1606",936,1606,"3","1","tt",".4"
"937","810",937,810,"8","0","nt",".2"
"938","1186",938,1186,"13","8","nt",".3"
"939","2318",939,2318,"10","10","tt",".5"
"940","1446",940,1446,"11","8","nt",".4"
"941","1560",941,1560,"9","1","tn",".4"
"942","690",942,690,"9","6","tn",".2"
"943","1651",943,1651,"11","3","tt",".4"
"944","1913",944,1913,"10","8","tn",".5"
"945","421",945,421,"6","2","nt",".1"
"946","541",946,541,"11","8","tt",".2"
"947","2346",947,2346,"5","0","nn",".5"
"948","983",948,983,"9","1","tn",".3"
"949","2324",949,2324,"2","2","tn",".5"
"950","713",950,713,"10","0","tt",".2"
"951","2092",951,2092,"14","10","nn",".5"
"952","1330",952,1330,"13","12","tn",".3"
"953","1861",953,1861,"13","9","nn",".4"
"954","1616",954,1616,"13","13","nt",".4"
"955","1856",955,1856,"14","7","tt",".4"
"956","934",956,934,"8","4","nn",".2"
"957","2215",957,2215,"7","3","nn",".5"
"958","1664",958,1664,"8","0","nt",".4"
"959","264",959,264,"8","7","tt",".1"
"960","1559",960,1559,"12","2","nt",".4"
"961","1524",961,1524,"7","2","tn",".4"
"962","1191",962,1191,"14","11","nn",".3"
"963","1604",963,1604,"4","1","tn",".4"
"964","2073",964,2073,"12","4","tn",".5"
"965","102",965,102,"8","2","tt",".1"
"966","861",966,861,"12","10","nn",".2"
"967","105",967,105,"11","11","tt",".1"
"968","940",968,940,"8","3","nn",".2"
"969","1432",969,1432,"13","1","nn",".4"
"970","432",970,432,"13","6","nt",".1"
"971","2083",971,2083,"1","1","nt",".5"
"972","1215",972,1215,"11","8","tt",".3"
"973","1460",973,1460,"10","10","nn",".4"
"974","466",974,466,"7","7","nn",".1"
"975","885",975,885,"3","0","nn",".2"
"976","1675",976,1675,"10","9","tn",".4"
"977","1748",977,1748,"13","11","tt",".4"
"978","1083",978,1083,"11","0","tt",".3"
"979","1540",979,1540,"7","0","tn",".4"
"980","2032",980,2032,"8","0","nn",".5"
"981","1553",981,1553,"4","2","nn",".4"
"982","2095",982,2095,"6","3","nt",".5"
"983","469",983,469,"14","2","tt",".1"
"984","917",984,917,"12","3","nt",".2"
"985","1255",985,1255,"13","9","tt",".3"
"986","1386",986,1386,"5","2","nt",".3"
"987","2285",987,2285,"12","4","nn",".5"
"988","1864",988,1864,"7","5","tt",".4"
"989","52",989,52,"12","4","tn",".1"
"990","1900",990,1900,"13","1","tn",".4"
"991","1357",991,1357,"10","4","nt",".3"
"992","1052",992,1052,"13","3","nt",".3"
"993","2040",993,2040,"12","9","nn",".5"
"994","1792",994,1792,"4","0","nn",".4"
"995","803",995,803,"12","7","nt",".2"
"996","1488",996,1488,"14","10","nt",".4"
"997","378",997,378,"14","6","tt",".1"
"998","1015",998,1015,"10","5","nt",".3"
"999","1305",999,1305,"10","3","tt",".3"
"1000","1865",1000,1865,"5","0","tn",".4"
"1001","1241",1001,1241,"14","9","tn",".3"
"1002","1980",1002,1980,"9","7","tt",".5"
"1003","848",1003,848,"9","3","nt",".2"
"1004","1736",1004,1736,"10","2","tt",".4"
"1005","1141",1005,1141,"10","10","nn",".3"
"1006","1788",1006,1788,"12","10","tn",".4"
"1007","1470",1007,1470,"4","3","tt",".4"
"1008","342",1008,342,"12","7","tt",".1"
"1009","1698",1009,1698,"2","2","tn",".4"
"1010","283",1010,283,"11","11","nn",".1"
"1011","1869",1011,1869,"2","1","tn",".4"
"1012","1693",1012,1693,"9","2","nn",".4"
"1013","2078",1013,2078,"12","6","tt",".5"
"1014","721",1014,721,"10","4","tt",".2"
"1015","2235",1015,2235,"13","8","tn",".5"
"1016","1659",1016,1659,"9","5","nt",".4"
"1017","1576",1017,1576,"12","7","nt",".4"
"1018","1743",1018,1743,"8","2","nn",".4"
"1019","1517",1019,1517,"10","5","tn",".4"
"1020","945",1020,945,"11","8","nn",".2"
"1021","1781",1021,1781,"8","1","tt",".4"
"1022","455",1022,455,"14","10","tt",".1"
"1023","716",1023,716,"2","1","tt",".2"
"1024","473",1024,473,"8","2","tn",".1"
"1025","273",1025,273,"1","1","tn",".1"
"1026","1055",1026,1055,"9","9","nt",".3"
"1027","636",1027,636,"14","10","tn",".2"
"1028","2374",1028,2374,"14","7","nn",".5"
"1029","548",1029,548,"9","1","nn",".2"
"1030","2193",1030,2193,"14","5","tn",".5"
"1031","1081",1031,1081,"9","6","nt",".3"
"1032","614",1032,614,"7","6","tt",".2"
"1033","1162",1033,1162,"7","4","tn",".3"
"1034","961",1034,961,"8","6","tn",".3"
"1035","2171",1035,2171,"10","8","nt",".5"
"1036","1336",1036,1336,"13","5","tn",".3"
"1037","1919",1037,1919,"6","6","tt",".5"
"1038","2014",1038,2014,"11","6","nt",".5"
"1039","461",1039,461,"13","8","tt",".1"
"1040","975",1040,975,"6","3","nt",".3"
"1041","648",1041,648,"9","7","tt",".2"
"1042","1760",1042,1760,"5","1","nt",".4"
"1043","556",1043,556,"13","6","nt",".2"
"1044","2105",1044,2105,"6","4","nt",".5"
"1045","290",1045,290,"7","7","tn",".1"
"1046","656",1046,656,"1","1","tn",".2"
"1047","2269",1047,2269,"6","1","nn",".5"
"1048","1799",1048,1799,"13","11","nt",".4"
"1049","2120",1049,2120,"2","2","tt",".5"
"1050","1702",1050,1702,"13","7","tt",".4"
"1051","2090",1051,2090,"14","6","nt",".5"
"1052","1002",1052,1002,"11","10","tt",".3"
"1053","1478",1053,1478,"14","7","nt",".4"
"1054","1016",1054,1016,"12","2","tn",".3"
"1055","621",1055,621,"12","10","tn",".2"
"1056","549",1056,549,"11","1","tn",".2"
"1057","930",1057,930,"12","8","nt",".2"
"1058","1443",1058,1443,"13","12","nt",".4"
"1059","2293",1059,2293,"12","0","nt",".5"
"1060","362",1060,362,"8","8","nt",".1"
"1061","1174",1061,1174,"5","4","nn",".3"
"1062","2253",1062,2253,"13","3","nt",".5"
"1063","520",1063,520,"11","6","nn",".2"
"1064","474",1064,474,"12","6","nt",".1"
"1065","2227",1065,2227,"11","1","tn",".5"
"1066","1358",1066,1358,"7","5","nn",".3"
"1067","1377",1067,1377,"7","0","nn",".3"
"1068","969",1068,969,"5","2","nn",".3"
"1069","313",1069,313,"4","1","nn",".1"
"1070","1203",1070,1203,"9","3","tt",".3"
"1071","1767",1071,1767,"1","1","tn",".4"
"1072","107",1072,107,"8","2","nn",".1"
"1073","2038",1073,2038,"1","1","tt",".5"
"1074","12",1074,12,"14","3","tt",".1"
"1075","1988",1075,1988,"7","6","tn",".5"
"1076","1468",1076,1468,"11","4","nt",".4"
"1077","1130",1077,1130,"13","1","tn",".3"
"1078","1610",1078,1610,"4","2","tt",".4"
"1079","1401",1079,1401,"11","7","tt",".3"
"1080","1461",1080,1461,"11","4","nn",".4"
"1081","129",1081,129,"2","1","nn",".1"
"1082","933",1082,933,"12","4","tt",".2"
"1083","489",1083,489,"12","2","tn",".2"
"1084","611",1084,611,"7","1","nn",".2"
"1085","494",1085,494,"13","12","nn",".2"
"1086","1301",1086,1301,"14","7","nt",".3"
"1087","1550",1087,1550,"10","8","tt",".4"
"1088","194",1088,194,"6","1","tt",".1"
"1089","911",1089,911,"14","6","tn",".2"
"1090","1278",1090,1278,"14","1","nn",".3"
"1091","1628",1091,1628,"13","12","tn",".4"
"1092","2353",1092,2353,"14","5","nn",".5"
"1093","1975",1093,1975,"13","13","tt",".5"
"1094","1529",1094,1529,"13","13","tt",".4"
"1095","2190",1095,2190,"14","2","tt",".5"
"1096","1121",1096,1121,"12","7","nt",".3"
"1097","720",1097,720,"12","3","nn",".2"
"1098","1987",1098,1987,"11","7","nn",".5"
"1099","747",1099,747,"1","1","nt",".2"
"1100","1361",1100,1361,"5","5","tt",".3"
"1101","775",1101,775,"12","0","nn",".2"
"1102","204",1102,204,"11","10","tt",".1"
"1103","865",1103,865,"14","0","tn",".2"
"1104","1688",1104,1688,"11","1","nn",".4"
"1105","310",1105,310,"14","11","nn",".1"
"1106","964",1106,964,"1","1","tt",".3"
"1107","876",1107,876,"7","0","nn",".2"
"1108","1828",1108,1828,"13","4","nt",".4"
"1109","1084",1109,1084,"8","4","nn",".3"
"1110","394",1110,394,"2","0","tt",".1"
"1111","2270",1111,2270,"4","0","nt",".5"
"1112","1906",1112,1906,"14","8","nn",".5"
"1113","984",1113,984,"8","8","nn",".3"
"1114","239",1114,239,"11","0","tn",".1"
"1115","932",1115,932,"11","2","nn",".2"
"1116","734",1116,734,"13","3","nn",".2"
"1117","430",1117,430,"12","11","tn",".1"
"1118","547",1118,547,"8","6","tt",".2"
"1119","54",1119,54,"7","6","tn",".1"
"1120","1611",1120,1611,"12","11","tt",".4"
"1121","1061",1121,1061,"10","2","tn",".3"
"1122","699",1122,699,"7","0","tt",".2"
"1123","90",1123,90,"14","6","nt",".1"
"1124","1365",1124,1365,"11","3","tn",".3"
"1125","2311",1125,2311,"7","5","nn",".5"
"1126","955",1126,955,"5","4","tt",".3"
"1127","1914",1127,1914,"8","6","nn",".5"
"1128","985",1128,985,"11","11","nn",".3"
"1129","1602",1129,1602,"11","1","nt",".4"
"1130","433",1130,433,"9","2","tt",".1"
"1131","272",1131,272,"14","6","tn",".1"
"1132","388",1132,388,"13","8","nt",".1"
"1133","591",1133,591,"5","4","tn",".2"
"1134","418",1134,418,"7","4","nt",".1"
"1135","68",1135,68,"11","10","tn",".1"
"1136","106",1136,106,"14","9","nt",".1"
"1137","682",1137,682,"10","4","nt",".2"
"1138","412",1138,412,"11","1","tt",".1"
"1139","128",1139,128,"7","4","tn",".1"
"1140","1380",1140,1380,"11","9","nn",".3"
"1141","1356",1141,1356,"11","4","tt",".3"
"1142","1929",1142,1929,"9","6","tn",".5"
"1143","2",1143,2,"1","1","tt",".1"
"1144","338",1144,338,"1","0","nt",".1"
"1145","292",1145,292,"4","1","tn",".1"
"1146","420",1146,420,"9","6","nt",".1"
"1147","1646",1147,1646,"8","1","nt",".4"
"1148","1976",1148,1976,"4","2","tn",".5"
"1149","1960",1149,1960,"9","1","nt",".5"
"1150","1233",1150,1233,"7","5","nt",".3"
"1151","1670",1151,1670,"5","5","tn",".4"
"1152","1338",1152,1338,"12","10","nn",".3"
"1153","2296",1153,2296,"9","2","tn",".5"
"1154","2067",1154,2067,"5","4","tt",".5"
"1155","1475",1155,1475,"9","8","tn",".4"
"1156","1857",1156,1857,"10","3","nn",".4"
"1157","218",1157,218,"10","7","nn",".1"
"1158","1766",1158,1766,"11","1","tn",".4"
"1159","844",1159,844,"6","6","nn",".2"
"1160","1133",1160,1133,"5","1","tt",".3"
"1161","2199",1161,2199,"13","10","tn",".5"
"1162","2155",1162,2155,"14","2","tn",".5"
"1163","1830",1163,1830,"6","0","nt",".4"
"1164","571",1164,571,"13","5","nn",".2"
"1165","223",1165,223,"6","3","tn",".1"
"1166","155",1166,155,"6","6","tt",".1"
"1167","2018",1167,2018,"12","7","nt",".5"
"1168","814",1168,814,"11","7","tn",".2"
"1169","2004",1169,2004,"13","9","tn",".5"
"1170","1287",1170,1287,"12","0","nt",".3"
"1171","1487",1171,1487,"13","10","nn",".4"
"1172","465",1172,465,"11","6","nn",".1"
"1173","927",1173,927,"13","7","nt",".2"
"1174","582",1174,582,"4","4","tn",".2"
"1175","959",1175,959,"11","4","nt",".3"
"1176","1067",1176,1067,"14","1","nt",".3"
"1177","1429",1177,1429,"11","0","nn",".4"
"1178","470",1178,470,"14","10","tn",".1"
"1179","804",1179,804,"10","10","tt",".2"
"1180","1535",1180,1535,"12","10","tt",".4"
"1181","1673",1181,1673,"7","2","nn",".4"
"1182","2357",1182,2357,"14","13","tn",".5"
"1183","1064",1183,1064,"14","14","tt",".3"
"1184","1029",1184,1029,"12","11","nt",".3"
"1185","2335",1185,2335,"14","4","nt",".5"
"1186","227",1186,227,"6","6","nt",".1"
"1187","2158",1187,2158,"9","1","tt",".5"
"1188","1707",1188,1707,"8","5","tn",".4"
"1189","1782",1189,1782,"9","2","nt",".4"
"1190","1671",1190,1671,"9","5","nn",".4"
"1191","475",1191,475,"7","1","nn",".1"
"1192","859",1192,859,"12","5","nt",".2"
"1193","1924",1193,1924,"7","4","tn",".5"
"1194","828",1194,828,"6","2","nt",".2"
"1195","1586",1195,1586,"4","1","nn",".4"
"1196","677",1196,677,"11","10","nn",".2"
"1197","1236",1197,1236,"10","7","tn",".3"
"1198","481",1198,481,"5","3","tn",".2"
"1199","1709",1199,1709,"9","4","nt",".4"
"1200","1323",1200,1323,"6","3","tt",".3"
"1201","887",1201,887,"6","0","tt",".2"
"1202","1496",1202,1496,"2","1","tt",".4"
"1203","2380",1203,2380,"8","0","nt",".5"
"1204","1234",1204,1234,"7","1","nt",".3"
"1205","429",1205,429,"10","0","tt",".1"
"1206","1511",1206,1511,"14","11","nn",".4"
"1207","1451",1207,1451,"5","0","nn",".4"
"1208","1889",1208,1889,"13","5","tt",".4"
"1209","15",1209,15,"12","10","nt",".1"
"1210","1331",1210,1331,"14","8","nn",".3"
"1211","1916",1211,1916,"5","3","tn",".5"
"1212","2138",1212,2138,"4","2","nt",".5"
"1213","743",1213,743,"11","3","nn",".2"
"1214","1758",1214,1758,"10","8","nt",".4"
"1215","60",1215,60,"5","2","nt",".1"
"1216","1531",1216,1531,"6","1","tn",".4"
"1217","563",1217,563,"14","10","nn",".2"
"1218","1205",1218,1205,"4","1","tn",".3"
"1219","1101",1219,1101,"12","5","tn",".3"
"1220","2039",1220,2039,"9","5","nt",".5"
"1221","1284",1221,1284,"8","8","tt",".3"
"1222","1231",1222,1231,"7","1","tt",".3"
"1223","516",1223,516,"11","5","tn",".2"
"1224","1593",1224,1593,"13","7","nt",".4"
"1225","2331",1225,2331,"11","5","nt",".5"
"1226","1503",1226,1503,"5","3","nt",".4"
"1227","144",1227,144,"12","9","nn",".1"
"1228","135",1228,135,"13","5","nn",".1"
"1229","174",1229,174,"12","8","tn",".1"
"1230","2334",1230,2334,"8","3","tt",".5"
"1231","1939",1231,1939,"14","0","tn",".5"
"1232","1677",1232,1677,"10","7","tt",".4"
"1233","1206",1233,1206,"6","1","tt",".3"
"1234","2164",1234,2164,"6","2","tt",".5"
"1235","2126",1235,2126,"14","11","tn",".5"
"1236","2314",1236,2314,"9","6","nn",".5"
"1237","1038",1237,1038,"9","7","tn",".3"
"1238","756",1238,756,"5","3","tt",".2"
"1239","1335",1239,1335,"6","6","tt",".3"
"1240","1378",1240,1378,"10","2","nt",".3"
"1241","1882",1241,1882,"12","7","tt",".4"
"1242","139",1242,139,"14","7","tn",".1"
"1243","1652",1243,1652,"12","9","tt",".4"
"1244","1514",1244,1514,"14","9","tt",".4"
"1245","242",1245,242,"10","1","tt",".1"
"1246","1822",1246,1822,"11","3","tn",".4"
"1247","464",1247,464,"14","5","nn",".1"
"1248","1764",1248,1764,"10","0","tn",".4"
"1249","823",1249,823,"7","2","nt",".2"
"1250","2332",1250,2332,"14","2","nn",".5"
"1251","1292",1251,1292,"7","4","tt",".3"
"1252","1917",1252,1917,"7","5","tt",".5"
"1253","2136",1253,2136,"13","6","tn",".5"
"1254","1895",1254,1895,"9","7","tt",".4"
"1255","259",1255,259,"6","3","nt",".1"
"1256","2035",1256,2035,"3","1","nn",".5"
"1257","1713",1257,1713,"13","5","tn",".4"
"1258","924",1258,924,"12","2","nn",".2"
"1259","1545",1259,1545,"6","3","nn",".4"
"1260","2343",1260,2343,"14","3","tn",".5"
"1261","71",1261,71,"4","2","nt",".1"
"1262","681",1262,681,"10","4","nn",".2"
"1263","1421",1263,1421,"10","9","tn",".3"
"1264","325",1264,325,"13","4","tt",".1"
"1265","131",1265,131,"10","3","nn",".1"
"1266","1922",1266,1922,"14","1","nt",".5"
"1267","74",1267,74,"12","9","tn",".1"
"1268","211",1268,211,"6","5","nt",".1"
"1269","515",1269,515,"9","8","nn",".2"
"1270","642",1270,642,"13","11","nn",".2"
"1271","1543",1271,1543,"6","5","tn",".4"
"1272","725",1272,725,"12","0","tt",".2"
"1273","1729",1273,1729,"14","8","tt",".4"
"1274","748",1274,748,"1","0","nn",".2"
"1275","374",1275,374,"8","5","nn",".1"
"1276","2350",1276,2350,"11","10","tn",".5"
"1277","703",1277,703,"14","4","tn",".2"
"1278","1860",1278,1860,"10","5","tt",".4"
"1279","1108",1279,1108,"13","2","nn",".3"
"1280","1463",1280,1463,"3","2","tn",".4"
"1281","527",1281,527,"1","0","nt",".2"
"1282","818",1282,818,"14","5","tn",".2"
"1283","1499",1283,1499,"13","8","tn",".4"
"1284","948",1284,948,"11","11","tn",".2"
"1285","1201",1285,1201,"13","2","nt",".3"
"1286","2065",1286,2065,"7","6","tt",".5"
"1287","816",1287,816,"4","1","tn",".2"
"1288","1582",1288,1582,"10","9","nn",".4"
"1289","1753",1289,1753,"14","11","nt",".4"
"1290","653",1290,653,"12","12","tt",".2"
"1291","1382",1291,1382,"10","6","tn",".3"
"1292","1453",1292,1453,"13","8","nn",".4"
"1293","248",1293,248,"6","2","nn",".1"
"1294","2180",1294,2180,"13","0","nt",".5"
"1295","557",1295,557,"12","11","tt",".2"
"1296","599",1296,599,"6","6","tt",".2"
"1297","2207",1297,2207,"12","12","nt",".5"
"1298","409",1298,409,"14","3","tn",".1"
"1299","2205",1299,2205,"8","7","tn",".5"
"1300","1106",1300,1106,"8","3","tn",".3"
"1301","880",1301,880,"14","5","nn",".2"
"1302","797",1302,797,"14","1","tt",".2"
"1303","1434",1303,1434,"11","0","tn",".4"
"1304","763",1304,763,"14","11","nt",".2"
"1305","2172",1305,2172,"9","3","tt",".5"
"1306","46",1306,46,"8","6","tn",".1"
"1307","1762",1307,1762,"3","0","tn",".4"
"1308","1486",1308,1486,"13","4","tt",".4"
"1309","838",1309,838,"2","1","tn",".2"
"1310","1302",1310,1302,"3","0","tt",".3"
"1311","1217",1311,1217,"6","1","nt",".3"
"1312","317",1312,317,"4","3","nt",".1"
"1313","236",1313,236,"13","7","nn",".1"
"1314","1844",1314,1844,"7","3","tt",".4"
"1315","323",1315,323,"12","12","tn",".1"
"1316","1122",1316,1122,"5","5","tn",".3"
"1317","1818",1317,1818,"9","1","tt",".4"
"1318","425",1318,425,"7","5","nt",".1"
"1319","1981",1319,1981,"8","8","tt",".5"
"1320","445",1320,445,"5","3","tt",".1"
"1321","2315",1321,2315,"12","1","tt",".5"
"1322","1180",1322,1180,"3","0","tn",".3"
"1323","1887",1323,1887,"14","5","nt",".4"
"1324","189",1324,189,"10","7","tt",".1"
"1325","953",1325,953,"10","1","tn",".3"
"1326","439",1326,439,"14","14","tt",".1"
"1327","19",1327,19,"14","8","tn",".1"
"1328","262",1328,262,"8","4","tt",".1"
"1329","1908",1329,1908,"1","1","nn",".5"
"1330","1104",1330,1104,"8","5","nt",".3"
"1331","2259",1331,2259,"3","2","tt",".5"
"1332","1891",1332,1891,"7","4","nt",".4"
"1333","664",1333,664,"12","4","tn",".2"
"1334","2200",1334,2200,"7","5","tn",".5"
"1335","2128",1335,2128,"14","0","nn",".5"
"1336","1118",1336,1118,"13","8","tn",".3"
"1337","2304",1337,2304,"14","5","nt",".5"
"1338","1235",1338,1235,"7","7","tn",".3"
"1339","2302",1339,2302,"5","4","nn",".5"
"1340","1574",1340,1574,"8","1","nn",".4"
"1341","2289",1341,2289,"12","2","nn",".5"
"1342","902",1342,902,"9","5","tn",".2"
"1343","1660",1343,1660,"8","8","tn",".4"
"1344","758",1344,758,"12","1","nn",".2"
"1345","1274",1345,1274,"11","1","tn",".3"
"1346","1699",1346,1699,"7","1","nt",".4"
"1347","1815",1347,1815,"11","5","nt",".4"
"1348","714",1348,714,"14","2","nn",".2"
"1349","2330",1349,2330,"7","5","nt",".5"
"1350","623",1350,623,"12","6","tn",".2"
"1351","1418",1351,1418,"12","12","nn",".3"
"1352","944",1352,944,"8","2","nt",".2"
"1353","2184",1353,2184,"12","2","nt",".5"
"1354","688",1354,688,"11","4","tn",".2"
"1355","1959",1355,1959,"10","3","nn",".5"
"1356","762",1356,762,"12","10","nt",".2"
"1357","1947",1357,1947,"11","10","nt",".5"
"1358","2185",1358,2185,"4","3","tn",".5"
"1359","1207",1359,1207,"14","10","tn",".3"
"1360","672",1360,672,"13","10","nn",".2"
"1361","696",1361,696,"11","5","nn",".2"
"1362","829",1362,829,"9","4","nn",".2"
"1363","379",1363,379,"8","6","nn",".1"
"1364","1537",1364,1537,"14","3","nt",".4"
"1365","1199",1365,1199,"12","7","nn",".3"
"1366","2179",1366,2179,"8","6","nt",".5"
"1367","1042",1367,1042,"3","3","tn",".3"
"1368","426",1368,426,"14","1","nt",".1"
"1369","55",1369,55,"5","2","tn",".1"
"1370","1711",1370,1711,"8","7","nt",".4"
"1371","1138",1371,1138,"9","8","nn",".3"
"1372","356",1372,356,"3","3","tn",".1"
"1373","629",1373,629,"14","9","nn",".2"
"1374","1366",1374,1366,"6","1","tn",".3"
"1375","2140",1375,2140,"7","4","nt",".5"
"1376","1723",1376,1723,"13","9","tn",".4"
"1377","265",1377,265,"12","1","tn",".1"
"1378","954",1378,954,"9","3","tn",".3"
"1379","1315",1379,1315,"12","3","tt",".3"
"1380","1663",1380,1663,"10","2","tn",".4"
"1381","384",1381,384,"13","0","tn",".1"
"1382","1054",1382,1054,"13","4","tt",".3"
"1383","1263",1383,1263,"13","9","tn",".3"
"1384","327",1384,327,"8","3","nt",".1"
"1385","831",1385,831,"6","1","nt",".2"
"1386","766",1386,766,"14","10","nt",".2"
"1387","1630",1387,1630,"14","2","nn",".4"
"1388","1692",1388,1692,"12","1","nt",".4"
"1389","2301",1389,2301,"10","1","tt",".5"
"1390","1572",1390,1572,"6","1","nt",".4"
"1391","1728",1391,1728,"12","4","nt",".4"
"1392","496",1392,496,"10","1","nt",".2"
"1393","1801",1393,1801,"7","6","nn",".4"
"1394","385",1394,385,"5","1","nn",".1"
"1395","1030",1395,1030,"11","10","nt",".3"
"1396","1093",1396,1093,"8","5","tt",".3"
"1397","322",1397,322,"1","1","nt",".1"
"1398","2189",1398,2189,"12","2","tn",".5"
"1399","126",1399,126,"13","10","tt",".1"
"1400","634",1400,634,"4","0","tn",".2"
"1401","2274",1401,2274,"11","2","tn",".5"
"1402","1608",1402,1608,"7","4","tt",".4"
"1403","2009",1403,2009,"7","2","tt",".5"
"1404","8",1404,8,"9","8","tn",".1"
"1405","1655",1405,1655,"10","10","tt",".4"
"1406","965",1406,965,"14","13","nn",".3"
"1407","1005",1407,1005,"10","3","nn",".3"
"1408","649",1408,649,"14","9","tt",".2"
"1409","2211",1409,2211,"6","1","tt",".5"
"1410","1731",1410,1731,"12","2","nn",".4"
"1411","184",1411,184,"10","5","tn",".1"
"1412","1715",1412,1715,"8","0","nn",".4"
"1413","771",1413,771,"8","2","nn",".2"
"1414","1862",1414,1862,"12","12","nt",".4"
"1415","529",1415,529,"10","3","tt",".2"
"1416","957",1416,957,"7","4","nt",".3"
"1417","2192",1417,2192,"12","9","nt",".5"
"1418","978",1418,978,"2","2","nt",".3"
"1419","2251",1419,2251,"13","13","nn",".5"
"1420","592",1420,592,"9","7","nn",".2"
"1421","827",1421,827,"2","1","nn",".2"
"1422","1505",1422,1505,"11","11","tn",".4"
"1423","2061",1423,2061,"10","7","tn",".5"
"1424","282",1424,282,"12","5","tt",".1"
"1425","1747",1425,1747,"9","4","nn",".4"
"1426","1808",1426,1808,"14","4","nn",".4"
"1427","2000",1427,2000,"14","12","nt",".5"
"1428","161",1428,161,"14","7","nt",".1"
"1429","1973",1429,1973,"8","2","tn",".5"
"1430","472",1430,472,"8","4","nn",".1"
"1431","661",1431,661,"6","5","tt",".2"
"1432","1328",1432,1328,"14","5","tn",".3"
"1433","307",1433,307,"12","11","nn",".1"
"1434","1932",1434,1932,"2","0","tn",".5"
"1435","1348",1435,1348,"13","11","tn",".3"
"1436","1886",1436,1886,"5","1","nn",".4"
"1437","2305",1437,2305,"6","2","nt",".5"
"1438","1961",1438,1961,"11","0","nn",".5"
"1439","839",1439,839,"10","7","nt",".2"
"1440","1911",1440,1911,"12","10","nt",".5"
"1441","246",1441,246,"13","6","nn",".1"
"1442","1345",1442,1345,"4","0","nt",".3"
"1443","392",1443,392,"14","12","nn",".1"
"1444","938",1444,938,"8","7","nn",".2"
"1445","1440",1445,1440,"10","9","tt",".4"
"1446","1489",1446,1489,"7","2","tt",".4"
"1447","357",1447,357,"4","3","tt",".1"
"1448","133",1448,133,"10","10","nt",".1"
"1449","834",1449,834,"11","1","nn",".2"
"1450","39",1450,39,"14","14","tn",".1"
"1451","209",1451,209,"13","12","nt",".1"
"1452","709",1452,709,"9","5","tt",".2"
"1453","2053",1453,2053,"7","6","nn",".5"
"1454","1359",1454,1359,"10","9","nn",".3"
"1455","906",1455,906,"14","3","nn",".2"
"1456","869",1456,869,"10","8","tn",".2"
"1457","172",1457,172,"10","10","tt",".1"
"1458","1968",1458,1968,"2","1","nt",".5"
"1459","2224",1459,2224,"6","0","nn",".5"
"1460","1210",1460,1210,"11","0","tn",".3"
"1461","845",1461,845,"9","9","tn",".2"
"1462","1718",1462,1718,"3","3","nn",".4"
"1463","2206",1463,2206,"12","3","tt",".5"
"1464","1948",1464,1948,"9","5","tn",".5"
"1465","1222",1465,1222,"8","1","nn",".3"
"1466","1119",1466,1119,"13","4","nt",".3"
"1467","226",1467,226,"13","7","tt",".1"
"1468","1769",1468,1769,"14","10","tn",".4"
"1469","1337",1469,1337,"7","3","nt",".3"
"1470","1640",1470,1640,"10","3","tt",".4"
"1471","1842",1471,1842,"12","12","tt",".4"
"1472","1117",1472,1117,"3","1","nt",".3"
"1473","1532",1473,1532,"4","4","tt",".4"
"1474","601",1474,601,"6","6","tn",".2"
"1475","1579",1475,1579,"11","10","tt",".4"
"1476","739",1476,739,"13","2","tn",".2"
"1477","403",1477,403,"13","10","nn",".1"
"1478","1291",1478,1291,"8","0","tn",".3"
"1479","2298",1479,2298,"14","5","tt",".5"
"1480","1455",1480,1455,"13","6","nt",".4"
"1481","1687",1481,1687,"11","2","tn",".4"
"1482","2013",1482,2013,"6","1","tn",".5"
"1483","150",1483,150,"11","3","nn",".1"
"1484","1986",1484,1986,"9","1","nn",".5"
"1485","164",1485,164,"6","5","tn",".1"
"1486","1011",1486,1011,"14","7","tn",".3"
"1487","693",1487,693,"14","8","nt",".2"
"1488","1070",1488,1070,"3","3","nn",".3"
"1489","2173",1489,2173,"9","3","nt",".5"
"1490","593",1490,593,"4","4","tt",".2"
"1491","390",1491,390,"14","5","tt",".1"
"1492","937",1492,937,"6","0","nt",".2"
"1493","561",1493,561,"12","12","nt",".2"
"1494","1077",1494,1077,"7","1","tn",".3"
"1495","206",1495,206,"9","5","tn",".1"
"1496","1023",1496,1023,"6","6","nt",".3"
"1497","881",1497,881,"13","9","tn",".2"
"1498","789",1498,789,"8","0","tn",".2"
"1499","1589",1499,1589,"10","8","tn",".4"
"1500","1512",1500,1512,"9","6","nt",".4"
"1501","1791",1501,1791,"11","11","tt",".4"
"1502","70",1502,70,"5","0","nn",".1"
"1503","1827",1503,1827,"11","10","tn",".4"
"1504","786",1504,786,"5","0","tt",".2"
"1505","2143",1505,2143,"13","0","tt",".5"
"1506","363",1506,363,"12","7","tn",".1"
"1507","605",1507,605,"5","5","nt",".2"
"1508","790",1508,790,"10","2","tn",".2"
"1509","1935",1509,1935,"6","3","tn",".5"
"1510","968",1510,968,"9","2","tt",".3"
"1511","1523",1511,1523,"6","4","tt",".4"
"1512","853",1512,853,"5","1","nn",".2"
"1513","2287",1513,2287,"14","9","tn",".5"
"1514","2163",1514,2163,"11","9","nn",".5"
"1515","1408",1515,1408,"14","2","nt",".3"
"1516","687",1516,687,"13","7","tn",".2"
"1517","203",1517,203,"12","8","nt",".1"
"1518","820",1518,820,"14","14","nn",".2"
"1519","58",1519,58,"6","1","nt",".1"
"1520","497",1520,497,"13","8","nt",".2"
"1521","330",1521,330,"9","6","nn",".1"
"1522","1874",1522,1874,"14","0","nn",".4"
"1523","2212",1523,2212,"6","0","nt",".5"
"1524","1570",1524,1570,"14","4","tn",".4"
"1525","229",1525,229,"9","9","tt",".1"
"1526","225",1526,225,"11","2","nt",".1"
"1527","2303",1527,2303,"11","10","nn",".5"
"1528","2295",1528,2295,"10","8","tt",".5"
"1529","2210",1529,2210,"8","7","nn",".5"
"1530","2121",1530,2121,"11","2","nn",".5"
"1531","667",1531,667,"4","3","tt",".2"
"1532","1950",1532,1950,"13","9","nt",".5"
"1533","301",1533,301,"5","4","tt",".1"
"1534","2127",1534,2127,"6","5","tn",".5"
"1535","2031",1535,2031,"7","0","tt",".5"
"1536","1151",1536,1151,"11","2","nt",".3"
"1537","788",1537,788,"7","6","tn",".2"
"1538","1643",1538,1643,"14","3","nn",".4"
"1539","1018",1539,1018,"12","12","nt",".3"
"1540","2219",1540,2219,"12","8","nn",".5"
"1541","966",1541,966,"12","4","tt",".3"
"1542","1763",1542,1763,"9","8","nt",".4"
"1543","2047",1543,2047,"7","0","nt",".5"
"1544","1288",1544,1288,"11","0","nn",".3"
"1545","951",1545,951,"9","6","nt",".2"
"1546","1522",1546,1522,"14","14","tt",".4"
"1547","1381",1547,1381,"7","0","nt",".3"
"1548","1595",1548,1595,"11","3","nt",".4"
"1549","410",1549,410,"11","6","nt",".1"
"1550","1400",1550,1400,"12","1","tt",".3"
"1551","210",1551,210,"4","2","tt",".1"
"1552","1154",1552,1154,"11","7","nn",".3"
"1553","1164",1553,1164,"6","0","tt",".3"
"1554","608",1554,608,"3","3","tt",".2"
"1555","31",1555,31,"8","7","tn",".1"
"1556","1127",1556,1127,"8","1","tn",".3"
"1557","1225",1557,1225,"8","7","tt",".3"
"1558","1686",1558,1686,"8","4","nn",".4"
"1559","2363",1559,2363,"5","0","nt",".5"
"1560","1173",1560,1173,"11","8","nt",".3"
"1561","79",1561,79,"2","2","tn",".1"
"1562","1620",1562,1620,"12","3","nn",".4"
"1563","2240",1563,2240,"1","1","tn",".5"
"1564","377",1564,377,"12","3","nt",".1"
"1565","1256",1565,1256,"5","1","tn",".3"
"1566","1237",1566,1237,"11","11","tn",".3"
"1567","837",1567,837,"13","0","nn",".2"
"1568","1280",1568,1280,"10","8","nt",".3"
"1569","1299",1569,1299,"14","3","nt",".3"
"1570","1681",1570,1681,"11","5","tn",".4"
"1571","1966",1571,1966,"13","11","nn",".5"
"1572","889",1572,889,"8","5","nt",".2"
"1573","1943",1573,1943,"14","3","tt",".5"
"1574","886",1574,886,"10","8","nt",".2"
"1575","187",1575,187,"13","11","tn",".1"
"1576","904",1576,904,"10","5","nt",".2"
"1577","979",1577,979,"13","0","tn",".3"
"1578","452",1578,452,"7","3","tt",".1"
"1579","1600",1579,1600,"3","2","nn",".4"
"1580","2174",1580,2174,"11","1","tt",".5"
"1581","1060",1581,1060,"10","0","nt",".3"
"1582","1187",1582,1187,"14","10","nt",".3"
"1583","2082",1583,2082,"4","1","tt",".5"
"1584","1406",1584,1406,"9","4","nt",".3"
"1585","485",1585,485,"13","0","nt",".2"
"1586","316",1586,316,"10","8","tn",".1"
"1587","724",1587,724,"12","0","tn",".2"
"1588","1551",1588,1551,"12","8","nn",".4"
"1589","159",1589,159,"13","3","nt",".1"
"1590","1835",1590,1835,"12","5","nn",".4"
"1591","1854",1591,1854,"13","2","nn",".4"
"1592","284",1592,284,"8","4","tn",".1"
"1593","1066",1593,1066,"1","1","tn",".3"
"1594","1303",1594,1303,"12","7","tn",".3"
"1595","1142",1595,1142,"12","5","nn",".3"
"1596","2055",1596,2055,"4","0","nn",".5"
"1597","1716",1597,1716,"13","4","nn",".4"
"1598","1399",1598,1399,"11","6","nt",".3"
"1599","2361",1599,2361,"13","13","nt",".5"
"1600","315",1600,315,"13","8","tn",".1"
"1601","994",1601,994,"4","4","tn",".3"
"1602","2148",1602,2148,"9","7","nt",".5"
"1603","244",1603,244,"12","4","nn",".1"
"1604","1150",1604,1150,"10","7","tt",".3"
"1605","1708",1605,1708,"6","2","nn",".4"
"1606","2276",1606,2276,"9","1","tn",".5"
"1607","1385",1607,1385,"14","5","nt",".3"
"1608","923",1608,923,"11","4","nn",".2"
"1609","1143",1609,1143,"13","7","nn",".3"
"1610","1851",1610,1851,"13","11","nn",".4"
"1611","1046",1611,1046,"13","8","nn",".3"
"1612","780",1612,780,"10","3","tn",".2"
"1613","2112",1613,2112,"3","3","nn",".5"
"1614","154",1614,154,"11","2","tn",".1"
"1615","826",1615,826,"10","3","nn",".2"
"1616","1313",1616,1313,"9","8","nt",".3"
"1617","1129",1617,1129,"14","10","nn",".3"
"1618","411",1618,411,"13","8","nn",".1"
"1619","2030",1619,2030,"14","14","nt",".5"
"1620","936",1620,936,"10","2","nt",".2"
"1621","705",1621,705,"6","2","tn",".2"
"1622","1836",1622,1836,"7","4","tn",".4"
"1623","915",1623,915,"7","1","nt",".2"
"1624","2093",1624,2093,"14","1","tt",".5"
"1625","632",1625,632,"12","12","nn",".2"
"1626","1829",1626,1829,"11","8","tt",".4"
"1627","2214",1627,2214,"7","1","nn",".5"
"1628","97",1628,97,"13","4","nt",".1"
"1629","663",1629,663,"2","0","tn",".2"
"1630","1571",1630,1571,"12","9","nt",".4"
"1631","1248",1631,1248,"14","11","tt",".3"
"1632","2358",1632,2358,"14","12","nn",".5"
"1633","1676",1633,1676,"8","7","nn",".4"
"1634","1436",1634,1436,"10","6","nn",".4"
"1635","943",1635,943,"12","11","tn",".2"
"1636","1734",1636,1734,"3","0","nn",".4"
"1637","1350",1637,1350,"14","6","tt",".3"
"1638","1412",1638,1412,"2","2","nn",".3"
"1639","193",1639,193,"3","2","tt",".1"
"1640","2169",1640,2169,"10","4","tn",".5"
"1641","1544",1641,1544,"10","6","nt",".4"
"1642","2025",1642,2025,"7","0","nn",".5"
"1643","1268",1643,1268,"12","1","nt",".3"
"1644","2203",1644,2203,"14","0","nt",".5"
"1645","490",1645,490,"9","0","tn",".2"
"1646","2134",1646,2134,"5","2","nt",".5"
"1647","1793",1647,1793,"8","2","tt",".4"
"1648","1849",1648,1849,"9","5","tt",".4"
"1649","2133",1649,2133,"12","8","nt",".5"
"1650","2079",1650,2079,"12","4","tt",".5"
"1651","1714",1651,1714,"13","6","nn",".4"
"1652","1389",1652,1389,"13","2","tt",".3"
"1653","778",1653,778,"11","10","tn",".2"
"1654","2186",1654,2186,"8","5","tn",".5"
"1655","891",1655,891,"6","4","tt",".2"
"1656","2242",1656,2242,"3","1","tn",".5"
"1657","1775",1657,1775,"14","9","nn",".4"
"1658","1202",1658,1202,"14","13","tn",".3"
"1659","1325",1659,1325,"13","6","tn",".3"
"1660","2150",1660,2150,"8","1","tn",".5"
"1661","1088",1661,1088,"4","3","tt",".3"
"1662","812",1662,812,"11","11","nt",".2"
"1663","967",1663,967,"13","1","nt",".3"
"1664","1267",1664,1267,"12","1","tn",".3"
"1665","1182",1665,1182,"11","1","nt",".3"
"1666","1597",1666,1597,"12","1","tn",".4"
"1667","644",1667,644,"2","0","nt",".2"
"1668","2329",1668,2329,"10","10","nn",".5"
"1669","899",1669,899,"14","8","tn",".2"
"1670","351",1670,351,"14","1","tn",".1"
"1671","892",1671,892,"3","0","tt",".2"
"1672","1778",1672,1778,"12","10","nn",".4"
"1673","2313",1673,2313,"13","13","tn",".5"
"1674","456",1674,456,"13","9","tn",".1"
"1675","1539",1675,1539,"6","2","tn",".4"
"1676","1464",1676,1464,"2","0","nt",".4"
"1677","1533",1677,1533,"11","9","nn",".4"
"1678","1666",1678,1666,"7","1","tn",".4"
"1679","2372",1679,2372,"8","0","tn",".5"
"1680","240",1680,240,"14","3","nt",".1"
"1681","287",1681,287,"11","3","tt",".1"
"1682","1247",1682,1247,"8","8","nt",".3"
"1683","230",1683,230,"7","0","nt",".1"
"1684","1942",1684,1942,"12","7","tn",".5"
"1685","1654",1685,1654,"7","1","tt",".4"
"1686","503",1686,503,"7","5","tn",".2"
"1687","1995",1687,1995,"13","1","tn",".5"
"1688","1819",1688,1819,"12","0","tt",".4"
"1689","437",1689,437,"3","2","nt",".1"
"1690","668",1690,668,"8","1","tn",".2"
"1691","2344",1691,2344,"13","11","tn",".5"
"1692","822",1692,822,"13","4","nt",".2"
"1693","2066",1693,2066,"10","5","tt",".5"
"1694","1999",1694,1999,"11","8","tn",".5"
"1695","883",1695,883,"12","2","nt",".2"
"1696","1500",1696,1500,"12","12","tn",".4"
"1697","146",1697,146,"10","8","tt",".1"
"1698","2362",1698,2362,"10","7","tt",".5"
"1699","2244",1699,2244,"2","2","nt",".5"
"1700","1567",1700,1567,"14","7","nn",".4"
"1701","539",1701,539,"4","0","nt",".2"
"1702","836",1702,836,"13","3","tn",".2"
"1703","988",1703,988,"10","10","tn",".3"
"1704","1107",1704,1107,"9","3","nn",".3"
"1705","674",1705,674,"11","5","nt",".2"
"1706","925",1706,925,"9","1","nt",".2"
"1707","1807",1707,1807,"5","1","tt",".4"
"1708","231",1708,231,"9","3","tt",".1"
"1709","1946",1709,1946,"10","5","nt",".5"
"1710","2135",1710,2135,"7","1","tt",".5"
"1711","450",1711,450,"7","4","tt",".1"
"1712","1031",1712,1031,"14","9","nn",".3"
"1713","1261",1713,1261,"14","7","tt",".3"
"1714","2027",1714,2027,"10","10","nt",".5"
"1715","1809",1715,1809,"12","1","tt",".4"
"1716","942",1716,942,"11","0","nt",".2"
"1717","82",1717,82,"13","11","tt",".1"
"1718","1979",1718,1979,"9","4","tn",".5"
"1719","662",1719,662,"5","1","nt",".2"
"1720","2141",1720,2141,"14","12","tn",".5"
"1721","633",1721,633,"9","9","nn",".2"
"1722","2075",1722,2075,"11","4","nt",".5"
"1723","2111",1723,2111,"10","9","nn",".5"
"1724","2217",1724,2217,"9","2","nn",".5"
"1725","1635",1725,1635,"8","6","tt",".4"
"1726","1936",1726,1936,"7","7","tt",".5"
"1727","1176",1727,1176,"5","2","tt",".3"
"1728","1749",1728,1749,"11","6","tn",".4"
"1729","498",1729,498,"9","5","nt",".2"
"1730","2308",1730,2308,"5","1","nt",".5"
"1731","2144",1731,2144,"13","6","nt",".5"
"1732","1441",1732,1441,"4","0","tn",".4"
"1733","1672",1733,1672,"11","4","tt",".4"
"1734","1700",1734,1700,"10","1","tn",".4"
"1735","1665",1735,1665,"5","4","nt",".4"
"1736","1135",1736,1135,"14","6","nt",".3"
"1737","952",1737,952,"2","0","tt",".2"
"1738","1733",1738,1733,"11","10","nn",".4"
"1739","358",1739,358,"3","1","nt",".1"
"1740","438",1740,438,"13","2","nt",".1"
"1741","2051",1741,2051,"13","12","nn",".5"
"1742","1387",1742,1387,"10","5","tn",".3"
"1743","872",1743,872,"7","0","nt",".2"
"1744","2321",1744,2321,"13","1","nt",".5"
"1745","343",1745,343,"13","10","tn",".1"
"1746","1086",1746,1086,"7","0","tt",".3"
"1747","2005",1747,2005,"8","5","nn",".5"
"1748","1416",1748,1416,"6","2","nn",".3"
"1749","658",1749,658,"13","10","tt",".2"
"1750","2130",1750,2130,"12","5","tn",".5"
"1751","1915",1751,1915,"13","8","tt",".5"
"1752","2241",1752,2241,"12","9","tt",".5"
"1753","1341",1753,1341,"13","4","nn",".3"
"1754","91",1754,91,"10","5","nn",".1"
"1755","1091",1755,1091,"14","4","nn",".3"
"1756","457",1756,457,"8","5","tn",".1"
"1757","1667",1757,1667,"8","0","tn",".4"
"1758","263",1758,263,"12","9","tt",".1"
"1759","1183",1759,1183,"12","10","tn",".3"
"1760","297",1760,297,"7","6","nn",".1"
"1761","610",1761,610,"14","7","tt",".2"
"1762","393",1762,393,"2","0","nt",".1"
"1763","1624",1763,1624,"8","5","nn",".4"
"1764","359",1764,359,"12","10","nn",".1"
"1765","1281",1765,1281,"2","0","nn",".3"
"1766","522",1766,522,"7","7","tn",".2"
"1767","576",1767,576,"7","5","nn",".2"
"1768","652",1768,652,"8","7","tt",".2"
"1769","1868",1769,1868,"8","3","tt",".4"
"1770","502",1770,502,"7","1","tt",".2"
"1771","1732",1771,1732,"14","2","tt",".4"
"1772","1407",1772,1407,"10","2","tt",".3"
"1773","1878",1773,1878,"3","2","tt",".4"
"1774","108",1774,108,"13","11","nt",".1"
"1775","160",1775,160,"11","0","nt",".1"
"1776","1639",1776,1639,"8","6","tn",".4"
"1777","852",1777,852,"7","4","tt",".2"
"1778","1473",1778,1473,"11","9","nt",".4"
"1779","352",1779,352,"14","2","tn",".1"
"1780","1823",1780,1823,"3","0","tt",".4"
"1781","300",1781,300,"6","4","tn",".1"
"1782","1705",1782,1705,"13","0","nn",".4"
"1783","2037",1783,2037,"13","10","nn",".5"
"1784","1087",1784,1087,"8","3","nn",".3"
"1785","1114",1785,1114,"13","11","nn",".3"
"1786","1761",1786,1761,"3","1","nn",".4"
"1787","1369",1787,1369,"8","5","tn",".3"
"1788","1629",1788,1629,"14","5","tt",".4"
"1789","2339",1789,2339,"12","3","nn",".5"
"1790","178",1790,178,"5","2","nn",".1"
"1791","722",1791,722,"11","7","nt",".2"
"1792","730",1792,730,"14","6","tt",".2"
"1793","2116",1793,2116,"9","5","nn",".5"
"1794","718",1794,718,"13","6","tn",".2"
"1795","1409",1795,1409,"6","2","nt",".3"
"1796","908",1796,908,"11","11","tt",".2"
"1797","622",1797,622,"11","10","nt",".2"
"1798","2060",1798,2060,"10","6","nt",".5"
"1799","901",1799,901,"13","13","nt",".2"
"1800","1785",1800,1785,"4","1","nt",".4"
"1801","2297",1801,2297,"14","13","tt",".5"
"1802","2020",1802,2020,"13","12","tt",".5"
"1803","2286",1803,2286,"10","3","tt",".5"
"1804","372",1804,372,"2","1","tn",".1"
"1805","1848",1805,1848,"9","1","nn",".4"
"1806","1626",1806,1626,"7","0","nt",".4"
"1807","237",1807,237,"9","3","nt",".1"
"1808","879",1808,879,"11","3","nt",".2"
"1809","501",1809,501,"6","5","nt",".2"
"1810","1467",1810,1467,"11","7","tn",".4"
"1811","2292",1811,2292,"12","8","tt",".5"
"1812","1185",1812,1185,"5","0","nn",".3"
"1813","2052",1813,2052,"12","12","tt",".5"
"1814","1520",1814,1520,"5","3","tn",".4"
"1815","1813",1815,1813,"10","5","nn",".4"
"1816","104",1816,104,"13","0","nt",".1"
"1817","1474",1817,1474,"14","12","tt",".4"
"1818","202",1818,202,"9","9","nt",".1"
"1819","950",1819,950,"5","0","tn",".2"
"1820","1158",1820,1158,"13","0","nn",".3"
"1821","1223",1821,1223,"8","3","nt",".3"
"1822","40",1822,40,"6","6","nn",".1"
"1823","1014",1823,1014,"11","8","tn",".3"
"1824","1752",1824,1752,"9","0","nt",".4"
"1825","1322",1825,1322,"8","7","nt",".3"
"1826","1622",1826,1622,"2","2","nt",".4"
"1827","1195",1827,1195,"13","6","tt",".3"
"1828","2347",1828,2347,"2","0","tt",".5"
"1829","1884",1829,1884,"4","4","tn",".4"
"1830","1041",1830,1041,"13","0","tt",".3"
"1831","198",1831,198,"4","1","nt",".1"
"1832","1826",1832,1826,"11","4","tn",".4"
"1833","1907",1833,1907,"12","7","nn",".5"
"1834","1784",1834,1784,"6","4","nt",".4"
"1835","341",1835,341,"8","6","nt",".1"
"1836","976",1836,976,"1","0","nn",".3"
"1837","1647",1837,1647,"9","5","tn",".4"
"1838","431",1838,431,"3","3","tt",".1"
"1839","742",1839,742,"9","3","tn",".2"
"1840","448",1840,448,"12","0","nn",".1"
"1841","1506",1841,1506,"14","0","tn",".4"
"1842","371",1842,371,"10","1","nn",".1"
"1843","1058",1843,1058,"2","2","tt",".3"
"1844","1682",1844,1682,"5","5","nn",".4"
"1845","1317",1845,1317,"14","12","tt",".3"
"1846","808",1846,808,"8","6","nt",".2"
"1847","2007",1847,2007,"8","4","nn",".5"
"1848","6",1848,6,"11","6","tn",".1"
"1849","1004",1849,1004,"12","4","nn",".3"
"1850","428",1850,428,"12","5","nt",".1"
"1851","56",1851,56,"13","12","tt",".1"
"1852","1371",1852,1371,"12","10","nt",".3"
"1853","1413",1853,1413,"13","10","tn",".3"
"1854","1621",1854,1621,"8","6","nt",".4"
"1855","1501",1855,1501,"9","9","nn",".4"
"1856","459",1856,459,"13","2","tt",".1"
"1857","1920",1857,1920,"10","9","tn",".5"
"1858","266",1858,266,"9","9","tn",".1"
"1859","1242",1859,1242,"10","5","nn",".3"
"1860","657",1860,657,"3","0","nt",".2"
"1861","2147",1861,2147,"13","6","tt",".5"
"1862","220",1862,220,"13","6","tn",".1"
"1863","281",1863,281,"5","5","tt",".1"
"1864","1918",1864,1918,"10","0","tn",".5"
"1865","241",1865,241,"9","4","nn",".1"
"1866","1395",1866,1395,"13","5","nn",".3"
"1867","2124",1867,2124,"14","1","nn",".5"
"1868","1229",1868,1229,"7","5","tt",".3"
"1869","268",1869,268,"10","6","tn",".1"
"1870","1873",1870,1873,"10","6","tn",".4"
"1871","737",1871,737,"3","0","tn",".2"
"1872","293",1872,293,"5","0","tt",".1"
"1873","1717",1873,1717,"14","9","nt",".4"
"1874","415",1874,415,"11","11","tn",".1"
"1875","435",1875,435,"10","5","tt",".1"
"1876","1314",1876,1314,"8","5","nn",".3"
"1877","864",1877,864,"11","1","tt",".2"
"1878","817",1878,817,"12","11","nn",".2"
"1879","1211",1879,1211,"6","0","nt",".3"
"1880","850",1880,850,"9","8","tt",".2"
"1881","222",1881,222,"13","3","nn",".1"
"1882","1140",1882,1140,"2","1","nt",".3"
"1883","1568",1883,1568,"5","3","tt",".4"
"1884","207",1884,207,"5","0","nt",".1"
"1885","2058",1885,2058,"11","0","nt",".5"
"1886","2268",1886,2268,"6","3","tt",".5"
"1887","898",1887,898,"6","1","tt",".2"
"1888","1227",1888,1227,"7","1","nn",".3"
"1889","2351",1889,2351,"10","2","nt",".5"
"1890","1789",1890,1789,"14","10","tt",".4"
"1891","1259",1891,1259,"11","11","tt",".3"
"1892","671",1892,671,"5","2","tn",".2"
"1893","2333",1893,2333,"10","0","tt",".5"
"1894","1903",1894,1903,"7","5","nn",".4"
"1895","395",1895,395,"8","8","tn",".1"
"1896","525",1896,525,"7","3","tn",".2"
"1897","1977",1897,1977,"7","0","tn",".5"
"1898","551",1898,551,"13","1","nn",".2"
"1899","1742",1899,1742,"3","1","tn",".4"
"1900","1847",1900,1847,"5","1","tn",".4"
"1901","1837",1901,1837,"13","6","tt",".4"
"1902","119",1902,119,"13","9","nn",".1"
"1903","1306",1903,1306,"3","3","tt",".3"
"1904","1457",1904,1457,"11","11","nn",".4"
"1905","1779",1905,1779,"12","8","tn",".4"
"1906","2371",1906,2371,"3","3","tn",".5"
"1907","2373",1907,2373,"5","5","nt",".5"
"1908","1276",1908,1276,"11","11","nt",".3"
"1909","190",1909,190,"11","1","nt",".1"
"1910","1694",1910,1694,"14","6","nn",".4"
"1911","1892",1911,1892,"7","0","tt",".4"
"1912","2290",1912,2290,"14","7","tn",".5"
"1913","2272",1913,2272,"11","7","tn",".5"
"1914","2342",1914,2342,"10","1","nt",".5"
"1915","1625",1915,1625,"9","9","tt",".4"
"1916","127",1916,127,"9","5","tt",".1"
"1917","296",1917,296,"14","11","nt",".1"
"1918","1427",1918,1427,"6","5","tt",".3"
"1919","2265",1919,2265,"13","9","tt",".5"
"1920","349",1920,349,"10","2","nn",".1"
"1921","1612",1921,1612,"13","10","nt",".4"
"1922","1068",1922,1068,"8","2","nt",".3"
"1923","1329",1923,1329,"9","6","tt",".3"
"1924","1653",1924,1653,"1","1","nn",".4"
"1925","1985",1925,1985,"6","2","nn",".5"
"1926","175",1926,175,"9","7","nt",".1"
"1927","216",1927,216,"12","7","nn",".1"
"1928","1062",1928,1062,"2","0","tn",".3"
"1929","1561",1929,1561,"5","2","nt",".4"
"1930","1003",1930,1003,"13","9","nn",".3"
"1931","1526",1931,1526,"14","1","nt",".4"
"1932","1690",1932,1690,"14","14","nn",".4"
"1933","1575",1933,1575,"6","2","tt",".4"
"1934","1465",1934,1465,"14","1","nn",".4"
"1935","1045",1935,1045,"12","9","tt",".3"
"1936","2238",1936,2238,"4","4","tt",".5"
"1937","702",1937,702,"14","14","nt",".2"
"1938","1076",1938,1076,"4","3","tn",".3"
"1939","171",1939,171,"11","11","nt",".1"
"1940","1159",1940,1159,"7","6","tn",".3"
"1941","1971",1941,1971,"11","10","tt",".5"
"1942","841",1942,841,"14","9","nt",".2"
"1943","436",1943,436,"14","10","nn",".1"
"1944","1549",1944,1549,"1","0","tt",".4"
"1945","2024",1945,2024,"6","5","nt",".5"
"1946","1776",1946,1776,"14","8","nn",".4"
"1947","276",1947,276,"12","2","nn",".1"
"1948","77",1948,77,"10","9","nn",".1"
"1949","1190",1949,1190,"12","3","nn",".3"
"1950","486",1950,486,"4","4","nn",".2"
"1951","1832",1951,1832,"13","11","tn",".4"
"1952","1701",1952,1701,"14","6","nt",".4"
"1953","1050",1953,1050,"14","2","tn",".3"
"1954","331",1954,331,"12","8","nn",".1"
"1955","1175",1955,1175,"12","6","tn",".3"
"1956","1949",1956,1949,"12","5","nn",".5"
"1957","1074",1957,1074,"4","0","nn",".3"
"1958","552",1958,552,"9","6","nn",".2"
"1959","110",1959,110,"9","2","nn",".1"
"1960","1346",1960,1346,"14","14","tn",".3"
"1961","2070",1961,2070,"6","6","tn",".5"
"1962","2046",1962,2046,"14","13","nn",".5"
"1963","1881",1963,1881,"8","5","tt",".4"
"1964","987",1964,987,"6","0","nn",".3"
"1965","2187",1965,2187,"11","9","tt",".5"
"1966","1375",1966,1375,"12","8","tt",".3"
"1967","1025",1967,1025,"5","1","nt",".3"
"1968","588",1968,588,"12","1","tn",".2"
"1969","617",1969,617,"14","5","tt",".2"
"1970","1899",1970,1899,"12","4","tt",".4"
"1971","408",1971,408,"13","4","tn",".1"
"1972","48",1972,48,"14","9","tt",".1"
"1973","1204",1973,1204,"6","2","tn",".3"
"1974","1592",1974,1592,"9","7","nn",".4"
"1975","935",1975,935,"13","6","tt",".2"
"1976","1598",1976,1598,"10","8","nn",".4"
"1977","289",1977,289,"9","8","nn",".1"
"1978","1024",1978,1024,"4","3","nt",".3"
"1979","1476",1979,1476,"9","3","tn",".4"
"1980","1926",1980,1926,"10","3","tn",".5"
"1981","2257",1981,2257,"2","2","nn",".5"
"1982","27",1982,27,"5","4","tn",".1"
"1983","234",1983,234,"9","0","nt",".1"
"1984","1691",1984,1691,"6","5","tt",".4"
"1985","1583",1985,1583,"1","0","nt",".4"
"1986","530",1986,530,"12","5","nn",".2"
"1987","2131",1987,2131,"8","3","nn",".5"
"1988","170",1988,170,"14","12","tn",".1"
"1989","2237",1989,2237,"5","3","nt",".5"
"1990","2376",1990,2376,"9","4","nt",".5"
"1991","1557",1991,1557,"7","7","tn",".4"
"1992","1316",1992,1316,"13","13","nt",".3"
"1993","288",1993,288,"11","2","tt",".1"
"1994","2159",1994,2159,"4","4","nn",".5"
"1995","2256",1995,2256,"2","1","tn",".5"
"1996","1208",1996,1208,"13","5","tt",".3"
"1997","2197",1997,2197,"11","3","tt",".5"
"1998","483",1998,483,"3","1","nt",".2"
"1999","2320",1999,2320,"7","2","nt",".5"
"2000","1565",2000,1565,"14","13","tt",".4"
"2001","2233",2001,2233,"14","8","nt",".5"
"2002","1614",2002,1614,"11","1","tt",".4"
"2003","1863",2003,1863,"10","2","nn",".4"
"2004","2252",2004,2252,"9","9","tt",".5"
"2005","383",2005,383,"8","3","tt",".1"
"2006","2094",2006,2094,"9","6","nt",".5"
"2007","62",2007,62,"12","0","nt",".1"
"2008","314",2008,314,"8","5","nt",".1"
"2009","1554",2009,1554,"13","3","tn",".4"
"2010","118",2010,118,"10","8","nn",".1"
"2011","980",2011,980,"11","5","nt",".3"
"2012","2250",2012,2250,"12","10","tn",".5"
"2013","805",2013,805,"7","4","nt",".2"
"2014","1783",2014,1783,"9","0","tt",".4"
"2015","1930",2015,1930,"10","10","tn",".5"
"2016","2231",2016,2231,"5","2","tt",".5"
"2017","1181",2017,1181,"9","5","tn",".3"
"2018","584",2018,584,"11","3","tt",".2"
"2019","1814",2019,1814,"9","6","nn",".4"
"2020","1678",2020,1678,"5","5","tt",".4"
"2021","1376",2021,1376,"14","14","nn",".3"
"2022","587",2022,587,"2","2","nt",".2"
"2023","51",2023,51,"6","3","nn",".1"
"2024","2239",2024,2239,"7","6","nt",".5"
"2025","754",2025,754,"5","3","nn",".2"
"2026","137",2026,137,"11","8","tn",".1"
"2027","2345",2027,2345,"11","11","tt",".5"
"2028","1238",2028,1238,"4","2","tt",".3"
"2029","2379",2029,2379,"14","14","nn",".5"
"2030","545",2030,545,"12","5","tn",".2"
"2031","514",2031,514,"14","4","tt",".2"
"2032","1989",2032,1989,"4","0","tt",".5"
"2033","1928",2033,1928,"4","3","tt",".5"
"2034","956",2034,956,"12","6","nt",".3"
"2035","100",2035,100,"11","0","tt",".1"
"2036","536",2036,536,"12","6","tt",".2"
"2037","806",2037,806,"4","1","nt",".2"
"2038","255",2038,255,"10","1","nt",".1"
"2039","329",2039,329,"5","3","tn",".1"
"2040","558",2040,558,"11","10","tt",".2"
"2041","1482",2041,1482,"11","9","tn",".4"
"2042","1940",2042,1940,"12","3","tn",".5"
"2043","2349",2043,2349,"10","2","tn",".5"
"2044","2048",2044,2048,"12","7","tt",".5"
"2045","670",2045,670,"7","2","tt",".2"
"2046","513",2046,513,"9","2","nn",".2"
"2047","2258",2047,2258,"3","0","tt",".5"
"2048","554",2048,554,"12","9","nn",".2"
"2049","1082",2049,1082,"1","0","tt",".3"
"2050","2264",2050,2264,"5","2","nn",".5"
"2051","1044",2051,1044,"3","0","nn",".3"
"2052","2178",2052,2178,"4","4","nt",".5"
"2053","1796",2053,1796,"10","4","tn",".4"
"2054","367",2054,367,"13","0","tt",".1"
"2055","602",2055,602,"14","0","tt",".2"
"2056","1669",2056,1669,"11","7","tt",".4"
"2057","509",2057,509,"11","4","nt",".2"
"2058","57",2058,57,"4","0","tt",".1"
"2059","706",2059,706,"7","6","nn",".2"
"2060","1805",2060,1805,"10","7","tn",".4"
"2061","596",2061,596,"14","11","nn",".2"
"2062","624",2062,624,"13","11","tn",".2"
"2063","1751",2063,1751,"8","4","nt",".4"
"2064","1212",2064,1212,"11","3","nn",".3"
"2065","1812",2065,1812,"13","12","tt",".4"
"2066","1513",2066,1513,"14","10","nn",".4"
"2067","32",2067,32,"7","2","nt",".1"
"2068","25",2068,25,"14","12","nt",".1"
"2069","1820",2069,1820,"14","5","nn",".4"
"2070","335",2070,335,"9","4","tn",".1"
"2071","1071",2071,1071,"13","12","nn",".3"
"2072","900",2072,900,"14","4","nt",".2"
"2073","765",2073,765,"8","0","nn",".2"
"2074","1991",2074,1991,"8","7","tt",".5"
"2075","112",2075,112,"5","3","nt",".1"
"2076","163",2076,163,"11","2","nn",".1"
"2077","1096",2077,1096,"14","12","nt",".3"
"2078","1768",2078,1768,"5","5","nt",".4"
"2079","143",2079,143,"4","4","tt",".1"
"2080","167",2080,167,"11","3","tn",".1"
"2081","278",2081,278,"12","8","tt",".1"
"2082","120",2082,120,"1","1","nn",".1"
"2083","7",2083,7,"14","5","tn",".1"
"2084","2255",2084,2255,"13","0","tn",".5"
"2085","1722",2085,1722,"10","7","nn",".4"
"2086","1307",2086,1307,"11","7","tn",".3"
"2087","1661",2087,1661,"10","3","tn",".4"
"2088","676",2088,676,"9","3","nn",".2"
"2089","2017",2089,2017,"11","0","tn",".5"
"2090","1240",2090,1240,"13","3","tn",".3"
"2091","1452",2091,1452,"4","3","nt",".4"
"2092","2015",2092,2015,"10","4","nn",".5"
"2093","2042",2093,2042,"12","1","nn",".5"
"2094","691",2094,691,"9","8","tn",".2"
"2095","1444",2095,1444,"10","0","tt",".4"
"2096","1797",2096,1797,"13","2","nt",".4"
"2097","2245",2097,2245,"7","2","nn",".5"
"2098","1910",2098,1910,"8","8","nt",".5"
"2099","20",2099,20,"8","8","nn",".1"
"2100","1536",2100,1536,"11","7","nn",".4"
"2101","84",2101,84,"10","10","tn",".1"
"2102","2209",2102,2209,"9","6","tt",".5"
"2103","1275",2103,1275,"11","9","tn",".3"
"2104","1954",2104,1954,"9","9","tn",".5"
"2105","73",2105,73,"12","1","nn",".1"
"2106","757",2106,757,"1","0","tn",".2"
"2107","1546",2107,1546,"14","14","tn",".4"
"2108","360",2108,360,"12","0","tt",".1"
"2109","446",2109,446,"12","9","nt",".1"
"2110","2157",2110,2157,"14","4","tn",".5"
"2111","1495",2111,1495,"8","0","tt",".4"
"2112","2049",2112,2049,"6","4","tt",".5"
"2113","769",2113,769,"13","2","nt",".2"
"2114","269",2114,269,"11","9","tn",".1"
"2115","1458",2115,1458,"9","7","tn",".4"
"2116","990",2116,990,"13","6","nn",".3"
"2117","1956",2117,1956,"3","0","tn",".5"
"2118","397",2118,397,"9","8","nt",".1"
"2119","919",2119,919,"11","6","tt",".2"
"2120","719",2120,719,"13","11","nt",".2"
"2121","1804",2121,1804,"11","8","tn",".4"
"2122","698",2122,698,"8","8","tt",".2"
"2123","86",2123,86,"9","5","nt",".1"
"2124","1450",2124,1450,"11","6","nt",".4"
"2125","302",2125,302,"6","1","tn",".1"
"2126","2054",2126,2054,"13","5","tn",".5"
"2127","1969",2127,1969,"13","7","nn",".5"
"2128","526",2128,526,"11","8","tn",".2"
"2129","890",2129,890,"4","2","tn",".2"
"2130","2352",2130,2352,"12","0","tt",".5"
"2131","1596",2131,1596,"5","2","nn",".4"
"2132","1951",2132,1951,"13","12","tn",".5"
"2133","1010",2133,1010,"13","11","tt",".3"
"2134","1958",2134,1958,"13","3","tt",".5"
"2135","87",2135,87,"11","5","nt",".1"
"2136","1645",2136,1645,"8","8","tt",".4"
"2137","627",2137,627,"8","6","nn",".2"
"2138","1417",2138,1417,"6","4","tt",".3"
"2139","669",2139,669,"11","6","nt",".2"
"2140","1588",2140,1588,"12","4","tn",".4"
"2141","125",2141,125,"9","0","tt",".1"
"2142","768",2142,768,"5","4","tt",".2"
"2143","1459",2143,1459,"1","0","tn",".4"
"2144","158",2144,158,"6","0","nn",".1"
"2145","1396",2145,1396,"7","2","nt",".3"
"2146","1777",2146,1777,"12","0","nn",".4"
"2147","784",2147,784,"14","4","nn",".2"
"2148","1353",2148,1353,"13","4","tn",".3"
"2149","2059",2149,2059,"12","8","tn",".5"
"2150","1078",2150,1078,"11","2","tt",".3"
"2151","1246",2151,1246,"9","4","tn",".3"
"2152","434",2152,434,"8","3","tn",".1"
"2153","1880",2153,1880,"11","5","nn",".4"
"2154","1161",2154,1161,"7","7","nn",".3"
"2155","578",2155,578,"7","7","nt",".2"
"2156","201",2156,201,"8","0","tn",".1"
"2157","1982",2157,1982,"11","11","nn",".5"
"2158","2068",2158,2068,"10","4","nt",".5"
"2159","512",2159,512,"10","1","tt",".2"
"2160","500",2160,500,"12","12","tn",".2"
"2161","93",2161,93,"10","3","tt",".1"
"2162","1048",2162,1048,"6","3","nn",".3"
"2163","1896",2163,1896,"12","5","tt",".4"
"2164","1445",2164,1445,"12","6","tn",".4"
"2165","1424",2165,1424,"9","3","nt",".3"
"2166","308",2166,308,"12","10","tn",".1"
"2167","2261",2167,2261,"1","0","tt",".5"
"2168","1254",2168,1254,"12","4","nt",".3"
"2169","369",2169,369,"14","8","tt",".1"
"2170","1131",2170,1131,"5","2","tn",".3"
"2171","1993",2171,1993,"10","7","nt",".5"
"2172","1770",2172,1770,"14","4","tt",".4"
"2173","1721",2173,1721,"7","1","nn",".4"
"2174","2170",2174,2170,"10","2","nn",".5"
"2175","1838",2175,1838,"8","8","nn",".4"
"2176","1298",2176,1298,"8","0","nt",".3"
"2177","151",2177,151,"13","5","tn",".1"
"2178","142",2178,142,"1","0","nn",".1"
"2179","414",2179,414,"4","4","nt",".1"
"2180","2115",2180,2115,"6","4","nn",".5"
"2181","1912",2181,1912,"4","0","tn",".5"
"2182","451",2182,451,"13","11","nn",".1"
"2183","177",2183,177,"13","3","tn",".1"
"2184","2282",2184,2282,"14","14","tn",".5"
"2185","2312",2185,2312,"9","3","tn",".5"
"2186","1102",2186,1102,"14","5","tt",".3"
"2187","1521",2187,1521,"3","3","tn",".4"
"2188","1888",2188,1888,"9","3","nn",".4"
"2189","1017",2189,1017,"11","5","tn",".3"
"2190","406",2190,406,"9","4","tt",".1"
"2191","2132",2191,2132,"5","5","tt",".5"
"2192","1250",2192,1250,"11","10","nn",".3"
"2193","387",2193,387,"14","0","tt",".1"
"2194","1367",2194,1367,"14","9","nt",".3"
"2195","993",2195,993,"11","4","tn",".3"
"2196","47",2196,47,"4","2","nn",".1"
"2197","1483",2197,1483,"4","0","nt",".4"
"2198","873",2198,873,"10","6","tt",".2"
"2199","1296",2199,1296,"9","9","nn",".3"
"2200","1725",2200,1725,"9","0","nn",".4"
"2201","534",2201,534,"8","8","nn",".2"
"2202","809",2202,809,"1","1","tt",".2"
"2203","312",2203,312,"7","0","tn",".1"
"2204","487",2204,487,"11","7","tt",".2"
"2205","1009",2205,1009,"13","12","nt",".3"
"2206","480",2206,480,"12","11","nt",".2"
"2207","962",2207,962,"5","4","tn",".3"
"2208","1342",2208,1342,"14","12","nn",".3"
"2209","2317",2209,2317,"6","5","tt",".5"
"2210","370",2210,370,"9","4","nt",".1"
"2211","303",2211,303,"12","6","tn",".1"
"2212","2220",2212,2220,"12","5","nt",".5"
"2213","1957",2213,1957,"8","8","nn",".5"
"2214","345",2214,345,"11","0","nn",".1"
"2215","333",2215,333,"12","5","nn",".1"
"2216","727",2216,727,"10","7","tn",".2"
"2217","1172",2217,1172,"6","3","tn",".3"
"2218","1115",2218,1115,"12","8","nt",".3"
"2219","701",2219,701,"11","2","nt",".2"
"2220","2336",2220,2336,"11","0","tt",".5"
"2221","2254",2221,2254,"10","8","nn",".5"
"2222","53",2222,53,"10","7","nt",".1"
"2223","2168",2223,2168,"13","0","nn",".5"
"2224","1",2224,1,"4","0","nt",".1"
"2225","2044",2225,2044,"12","12","tn",".5"
"2226","275",2226,275,"14","8","nn",".1"
"2227","1953",2227,1953,"14","12","tt",".5"
"2228","440",2228,440,"5","3","nn",".1"
"2229","368",2229,368,"8","8","tt",".1"
"2230","1454",2230,1454,"13","6","tn",".4"
"2231","963",2231,963,"8","4","tt",".3"
"2232","1449",2232,1449,"10","0","nt",".4"
"2233","851",2233,851,"12","6","nt",".2"
"2234","1555",2234,1555,"11","8","nn",".4"
"2235","1128",2235,1128,"10","1","tt",".3"
"2236","291",2236,291,"6","5","nn",".1"
"2237","208",2237,208,"13","13","nn",".1"
"2238","2142",2238,2142,"11","6","tt",".5"
"2239","1845",2239,1845,"13","3","nn",".4"
"2240","1094",2240,1094,"14","6","tn",".3"
"2241","2294",2241,2294,"9","4","tt",".5"
"2242","321",2242,321,"13","2","nn",".1"
"2243","1249",2243,1249,"1","1","nn",".3"
"2244","81",2244,81,"3","0","nn",".1"
"2245","1997",2245,1997,"11","5","nn",".5"
"2246","553",2246,553,"13","11","tt",".2"
"2247","764",2247,764,"9","0","nn",".2"
"2248","921",2248,921,"13","4","nn",".2"
"2249","1585",2249,1585,"4","4","nn",".4"
"2250","10",2250,10,"10","6","tt",".1"
"2251","546",2251,546,"13","4","tn",".2"
"2252","1312",2252,1312,"11","6","tt",".3"
"2253","443",2253,443,"11","5","tn",".1"
"2254","1085",2254,1085,"5","3","nn",".3"
"2255","476",2255,476,"7","4","nn",".1"
"2256","1239",2256,1239,"10","5","tt",".3"
"2257","824",2257,824,"9","3","tt",".2"
"2258","650",2258,650,"13","1","tn",".2"
"2259","1552",2259,1552,"2","0","nn",".4"
"2260","9",2260,9,"7","1","tn",".1"
"2261","1139",2261,1139,"11","4","nn",".3"
"2262","1392",2262,1392,"12","11","nn",".3"
"2263","577",2263,577,"6","1","tn",".2"
"2264","1352",2264,1352,"10","7","nt",".3"
"2265","659",2265,659,"14","2","nt",".2"
"2266","72",2266,72,"10","6","nn",".1"
"2267","1877",2267,1877,"14","4","nt",".4"
"2268","279",2268,279,"11","4","nt",".1"
"2269","572",2269,572,"5","4","nt",".2"
"2270","1001",2270,1001,"4","0","tn",".3"
"2271","1438",2271,1438,"2","0","tn",".4"
"2272","1750",2272,1750,"6","3","tt",".4"
"2273","1803",2273,1803,"14","3","tt",".4"
"2274","655",2274,655,"7","2","nn",".2"
"2275","2234",2275,2234,"12","2","tt",".5"
"2276","609",2276,609,"14","14","tt",".2"
"2277","376",2277,376,"14","2","nn",".1"
"2278","2338",2278,2338,"8","3","nt",".5"
"2279","1103",2279,1103,"14","11","tn",".3"
"2280","401",2280,401,"12","12","nn",".1"
"2281","477",2281,477,"5","4","nn",".2"
"2282","916",2282,916,"13","3","tt",".2"
"2283","257",2283,257,"3","0","nt",".1"
"2284","946",2284,946,"12","6","nn",".2"
"2285","2001",2285,2001,"4","1","nt",".5"
"2286","928",2286,928,"14","10","tt",".2"
"2287","98",2287,98,"14","2","nt",".1"
"2288","251",2288,251,"11","5","nn",".1"
"2289","478",2289,478,"8","5","nn",".2"
"2290","2153",2290,2153,"8","7","nt",".5"
"2291","2071",2291,2071,"1","0","nn",".5"
"2292","2113",2292,2113,"11","7","nt",".5"
"2293","1527",2293,1527,"10","1","tt",".4"
"2294","894",2294,894,"5","1","tn",".2"
"2295","523",2295,523,"10","5","tn",".2"
"2296","29",2296,29,"2","0","tn",".1"
"2297","1952",2297,1952,"8","2","nt",".5"
"2298","1171",2298,1171,"1","0","tn",".3"
"2299","2271",2299,2271,"14","10","tt",".5"
"2300","2028",2300,2028,"13","7","nt",".5"
"2301","1710",2301,1710,"12","7","tn",".4"
"2302","774",2302,774,"10","6","nt",".2"
"2303","2195",2303,2195,"3","2","nn",".5"
"2304","1200",2304,1200,"2","1","tt",".3"
"2305","912",2305,912,"12","9","tn",".2"
"2306","1420",2306,1420,"11","10","tn",".3"
"2307","1680",2307,1680,"14","0","tt",".4"
"2308","243",2308,243,"10","1","tn",".1"
"2309","1638",2309,1638,"5","4","tt",".4"
"2310","1100",2310,1100,"5","0","nt",".3"
"2311","1073",2311,1073,"13","11","nt",".3"
"2312","1587",2312,1587,"14","2","nt",".4"
"2313","819",2313,819,"8","8","tn",".2"
"2314","856",2314,856,"10","9","tt",".2"
"2315","2156",2315,2156,"9","0","nn",".5"
"2316","37",2316,37,"11","7","nn",".1"
"2317","607",2317,607,"13","10","nt",".2"
"2318","532",2318,532,"10","8","nn",".2"
"2319","628",2319,628,"5","5","tt",".2"
"2320","1279",2320,1279,"13","6","nt",".3"
"2321","1334",2321,1334,"14","8","tn",".3"
"2322","1397",2322,1397,"11","3","nt",".3"
"2323","736",2323,736,"7","5","nt",".2"
"2324","2160",2324,2160,"12","4","nt",".5"
"2325","2089",2325,2089,"14","9","nn",".5"
"2326","1170",2326,1170,"4","1","tt",".3"
"2327","1271",2327,1271,"14","2","tt",".3"
"2328","1047",2328,1047,"9","0","nn",".3"
"2329","2064",2329,2064,"14","4","nn",".5"
"2330","1726",2330,1726,"12","9","nn",".4"
"2331","17",2331,17,"10","3","tn",".1"
"2332","1967",2332,1967,"8","5","tt",".5"
"2333","1402",2333,1402,"14","2","nn",".3"
"2334","918",2334,918,"10","10","tn",".2"
"2335","1534",2335,1534,"14","2","tn",".4"
"2336","813",2336,813,"13","2","nn",".2"
"2337","555",2337,555,"11","0","tt",".2"
"2338","1518",2338,1518,"6","0","tn",".4"
"2339","639",2339,639,"6","5","tn",".2"
"2340","305",2340,305,"11","1","tn",".1"
"2341","1883",2341,1883,"14","3","tn",".4"
"2342","76",2342,76,"12","1","nt",".1"
"2343","1510",2343,1510,"3","2","nt",".4"
"2344","1806",2344,1806,"12","6","tt",".4"
"2345","2016",2345,2016,"13","7","tn",".5"
"2346","1310",2346,1310,"3","2","tt",".3"
"2347","1617",2347,1617,"11","5","tt",".4"
"2348","1355",2348,1355,"11","5","tt",".3"
"2349","2283",2349,2283,"11","2","tt",".5"
"2350","1132",2350,1132,"14","0","nn",".3"
"2351","1780",2351,1780,"8","4","tn",".4"
"2352","704",2352,704,"5","2","nn",".2"
"2353","382",2353,382,"1","0","tn",".1"
"2354","1269",2354,1269,"11","1","nn",".3"
"2355","1800",2355,1800,"9","3","nt",".4"
"2356","380",2356,380,"12","6","nn",".1"
"2357","157",2357,157,"9","2","tn",".1"
"2358","145",2358,145,"9","8","tt",".1"
"2359","2097",2359,2097,"4","3","nt",".5"
"2360","1193",2360,1193,"2","2","tn",".3"
"2361","2081",2361,2081,"9","4","nn",".5"
"2362","407",2362,407,"9","5","nn",".1"
"2363","800",2363,800,"13","7","nn",".2"
"2364","1146",2364,1146,"5","3","tn",".3"
"2365","252",2365,252,"14","13","tt",".1"
"2366","1481",2366,1481,"6","4","tn",".4"
"2367","2319",2367,2319,"11","11","tn",".5"
"2368","2176",2368,2176,"11","11","nt",".5"
"2369","745",2369,745,"8","6","tn",".2"
"2370","2026",2370,2026,"12","9","tn",".5"
"2371","1798",2371,1798,"10","4","tt",".4"
"2372","2080",2372,2080,"9","8","nt",".5"
"2373","2119",2373,2119,"13","10","nt",".5"
"2374","715",2374,715,"6","1","nn",".2"
"2375","16",2375,16,"9","7","tt",".1"
"2376","862",2376,862,"14","12","tt",".2"
"2377","2077",2377,2077,"11","9","tn",".5"
"2378","1759",2378,1759,"14","8","tn",".4"
"2379","1774",2379,1774,"5","4","nn",".4"
"2380","441",2380,441,"3","0","tn",".1"
