"name","run.no.in.std.order","run.no","run.no.std.rp","size","temp","Blocks"
"1","32",1,"32.1","1","e",".1"
"2","35",2,"35.1","4","e",".1"
"3","19",3,"19.1","3","t",".1"
"4","42",4,"42.1","11","e",".1"
"5","3",5,"3.1","2","n",".1"
"6","26",6,"26.1","10","t",".1"
"7","41",7,"41.1","10","e",".1"
"8","34",8,"34.1","3","e",".1"
"9","7",9,"7.1","6","n",".1"
"10","29",10,"29.1","13","t",".1"
"11","30",11,"30.1","14","t",".1"
"12","18",12,"18.1","2","t",".1"
"13","14",13,"14.1","13","n",".1"
"14","4",14,"4.1","3","n",".1"
"15","16",15,"16.1","0","t",".1"
"16","31",16,"31.1","0","e",".1"
"17","24",17,"24.1","8","t",".1"
"18","40",18,"40.1","9","e",".1"
"19","21",19,"21.1","5","t",".1"
"20","45",20,"45.1","14","e",".1"
"21","27",21,"27.1","11","t",".1"
"22","25",22,"25.1","9","t",".1"
"23","6",23,"6.1","5","n",".1"
"24","39",24,"39.1","8","e",".1"
"25","43",25,"43.1","12","e",".1"
"26","2",26,"2.1","1","n",".1"
"27","20",27,"20.1","4","t",".1"
"28","12",28,"12.1","11","n",".1"
"29","1",29,"1.1","0","n",".1"
"30","5",30,"5.1","4","n",".1"
"31","10",31,"10.1","9","n",".1"
"32","17",32,"17.1","1","t",".1"
"33","11",33,"11.1","10","n",".1"
"34","38",34,"38.1","7","e",".1"
"35","23",35,"23.1","7","t",".1"
"36","28",36,"28.1","12","t",".1"
"37","22",37,"22.1","6","t",".1"
"38","13",38,"13.1","12","n",".1"
"39","15",39,"15.1","14","n",".1"
"40","37",40,"37.1","6","e",".1"
"41","9",41,"9.1","8","n",".1"
"42","44",42,"44.1","13","e",".1"
"43","33",43,"33.1","2","e",".1"
"44","8",44,"8.1","7","n",".1"
"45","36",45,"36.1","5","e",".1"
"46","31",46,"31.2","0","e",".2"
"47","15",47,"15.2","14","n",".2"
"48","40",48,"40.2","9","e",".2"
"49","44",49,"44.2","13","e",".2"
"50","37",50,"37.2","6","e",".2"
"51","11",51,"11.2","10","n",".2"
"52","10",52,"10.2","9","n",".2"
"53","36",53,"36.2","5","e",".2"
"54","3",54,"3.2","2","n",".2"
"55","26",55,"26.2","10","t",".2"
"56","38",56,"38.2","7","e",".2"
"57","12",57,"12.2","11","n",".2"
"58","5",58,"5.2","4","n",".2"
"59","8",59,"8.2","7","n",".2"
"60","43",60,"43.2","12","e",".2"
"61","41",61,"41.2","10","e",".2"
"62","9",62,"9.2","8","n",".2"
"63","16",63,"16.2","0","t",".2"
"64","7",64,"7.2","6","n",".2"
"65","27",65,"27.2","11","t",".2"
"66","25",66,"25.2","9","t",".2"
"67","4",67,"4.2","3","n",".2"
"68","14",68,"14.2","13","n",".2"
"69","33",69,"33.2","2","e",".2"
"70","20",70,"20.2","4","t",".2"
"71","34",71,"34.2","3","e",".2"
"72","2",72,"2.2","1","n",".2"
"73","32",73,"32.2","1","e",".2"
"74","28",74,"28.2","12","t",".2"
"75","13",75,"13.2","12","n",".2"
"76","18",76,"18.2","2","t",".2"
"77","1",77,"1.2","0","n",".2"
"78","17",78,"17.2","1","t",".2"
"79","42",79,"42.2","11","e",".2"
"80","23",80,"23.2","7","t",".2"
"81","22",81,"22.2","6","t",".2"
"82","19",82,"19.2","3","t",".2"
"83","30",83,"30.2","14","t",".2"
"84","6",84,"6.2","5","n",".2"
"85","39",85,"39.2","8","e",".2"
"86","21",86,"21.2","5","t",".2"
"87","24",87,"24.2","8","t",".2"
"88","29",88,"29.2","13","t",".2"
"89","45",89,"45.2","14","e",".2"
"90","35",90,"35.2","4","e",".2"
"91","33",91,"33.3","2","e",".3"
"92","44",92,"44.3","13","e",".3"
"93","37",93,"37.3","6","e",".3"
"94","18",94,"18.3","2","t",".3"
"95","26",95,"26.3","10","t",".3"
"96","30",96,"30.3","14","t",".3"
"97","8",97,"8.3","7","n",".3"
"98","38",98,"38.3","7","e",".3"
"99","25",99,"25.3","9","t",".3"
"100","24",100,"24.3","8","t",".3"
"101","9",101,"9.3","8","n",".3"
"102","6",102,"6.3","5","n",".3"
"103","40",103,"40.3","9","e",".3"
"104","12",104,"12.3","11","n",".3"
"105","15",105,"15.3","14","n",".3"
"106","31",106,"31.3","0","e",".3"
"107","14",107,"14.3","13","n",".3"
"108","4",108,"4.3","3","n",".3"
"109","29",109,"29.3","13","t",".3"
"110","3",110,"3.3","2","n",".3"
"111","11",111,"11.3","10","n",".3"
"112","5",112,"5.3","4","n",".3"
"113","43",113,"43.3","12","e",".3"
"114","13",114,"13.3","12","n",".3"
"115","35",115,"35.3","4","e",".3"
"116","7",116,"7.3","6","n",".3"
"117","34",117,"34.3","3","e",".3"
"118","23",118,"23.3","7","t",".3"
"119","28",119,"28.3","12","t",".3"
"120","2",120,"2.3","1","n",".3"
"121","22",121,"22.3","6","t",".3"
"122","17",122,"17.3","1","t",".3"
"123","1",123,"1.3","0","n",".3"
"124","20",124,"20.3","4","t",".3"
"125","16",125,"16.3","0","t",".3"
"126","41",126,"41.3","10","e",".3"
"127","45",127,"45.3","14","e",".3"
"128","39",128,"39.3","8","e",".3"
"129","42",129,"42.3","11","e",".3"
"130","19",130,"19.3","3","t",".3"
"131","27",131,"27.3","11","t",".3"
"132","10",132,"10.3","9","n",".3"
"133","21",133,"21.3","5","t",".3"
"134","32",134,"32.3","1","e",".3"
"135","36",135,"36.3","5","e",".3"
"136","24",136,"24.4","8","t",".4"
"137","3",137,"3.4","2","n",".4"
"138","9",138,"9.4","8","n",".4"
"139","41",139,"41.4","10","e",".4"
"140","28",140,"28.4","12","t",".4"
"141","32",141,"32.4","1","e",".4"
"142","5",142,"5.4","4","n",".4"
"143","16",143,"16.4","0","t",".4"
"144","31",144,"31.4","0","e",".4"
"145","23",145,"23.4","7","t",".4"
"146","42",146,"42.4","11","e",".4"
"147","14",147,"14.4","13","n",".4"
"148","1",148,"1.4","0","n",".4"
"149","34",149,"34.4","3","e",".4"
"150","2",150,"2.4","1","n",".4"
"151","19",151,"19.4","3","t",".4"
"152","22",152,"22.4","6","t",".4"
"153","36",153,"36.4","5","e",".4"
"154","30",154,"30.4","14","t",".4"
"155","11",155,"11.4","10","n",".4"
"156","26",156,"26.4","10","t",".4"
"157","35",157,"35.4","4","e",".4"
"158","15",158,"15.4","14","n",".4"
"159","7",159,"7.4","6","n",".4"
"160","8",160,"8.4","7","n",".4"
"161","18",161,"18.4","2","t",".4"
"162","40",162,"40.4","9","e",".4"
"163","17",163,"17.4","1","t",".4"
"164","20",164,"20.4","4","t",".4"
"165","37",165,"37.4","6","e",".4"
"166","21",166,"21.4","5","t",".4"
"167","13",167,"13.4","12","n",".4"
"168","10",168,"10.4","9","n",".4"
"169","45",169,"45.4","14","e",".4"
"170","29",170,"29.4","13","t",".4"
"171","38",171,"38.4","7","e",".4"
"172","12",172,"12.4","11","n",".4"
"173","6",173,"6.4","5","n",".4"
"174","33",174,"33.4","2","e",".4"
"175","43",175,"43.4","12","e",".4"
"176","39",176,"39.4","8","e",".4"
"177","25",177,"25.4","9","t",".4"
"178","44",178,"44.4","13","e",".4"
"179","27",179,"27.4","11","t",".4"
"180","4",180,"4.4","3","n",".4"
"181","2",181,"2.5","1","n",".5"
"182","6",182,"6.5","5","n",".5"
"183","23",183,"23.5","7","t",".5"
"184","8",184,"8.5","7","n",".5"
"185","30",185,"30.5","14","t",".5"
"186","3",186,"3.5","2","n",".5"
"187","25",187,"25.5","9","t",".5"
"188","45",188,"45.5","14","e",".5"
"189","16",189,"16.5","0","t",".5"
"190","42",190,"42.5","11","e",".5"
"191","21",191,"21.5","5","t",".5"
"192","29",192,"29.5","13","t",".5"
"193","44",193,"44.5","13","e",".5"
"194","35",194,"35.5","4","e",".5"
"195","26",195,"26.5","10","t",".5"
"196","1",196,"1.5","0","n",".5"
"197","14",197,"14.5","13","n",".5"
"198","9",198,"9.5","8","n",".5"
"199","41",199,"41.5","10","e",".5"
"200","4",200,"4.5","3","n",".5"
"201","28",201,"28.5","12","t",".5"
"202","20",202,"20.5","4","t",".5"
"203","7",203,"7.5","6","n",".5"
"204","22",204,"22.5","6","t",".5"
"205","31",205,"31.5","0","e",".5"
"206","33",206,"33.5","2","e",".5"
"207","38",207,"38.5","7","e",".5"
"208","19",208,"19.5","3","t",".5"
"209","5",209,"5.5","4","n",".5"
"210","39",210,"39.5","8","e",".5"
"211","40",211,"40.5","9","e",".5"
"212","17",212,"17.5","1","t",".5"
"213","37",213,"37.5","6","e",".5"
"214","12",214,"12.5","11","n",".5"
"215","13",215,"13.5","12","n",".5"
"216","10",216,"10.5","9","n",".5"
"217","24",217,"24.5","8","t",".5"
"218","15",218,"15.5","14","n",".5"
"219","34",219,"34.5","3","e",".5"
"220","32",220,"32.5","1","e",".5"
"221","11",221,"11.5","10","n",".5"
"222","36",222,"36.5","5","e",".5"
"223","43",223,"43.5","12","e",".5"
"224","27",224,"27.5","11","t",".5"
"225","18",225,"18.5","2","t",".5"
"226","17",226,"17.6","1","t",".6"
"227","3",227,"3.6","2","n",".6"
"228","10",228,"10.6","9","n",".6"
"229","5",229,"5.6","4","n",".6"
"230","2",230,"2.6","1","n",".6"
"231","21",231,"21.6","5","t",".6"
"232","36",232,"36.6","5","e",".6"
"233","34",233,"34.6","3","e",".6"
"234","11",234,"11.6","10","n",".6"
"235","12",235,"12.6","11","n",".6"
"236","6",236,"6.6","5","n",".6"
"237","15",237,"15.6","14","n",".6"
"238","32",238,"32.6","1","e",".6"
"239","20",239,"20.6","4","t",".6"
"240","23",240,"23.6","7","t",".6"
"241","7",241,"7.6","6","n",".6"
"242","29",242,"29.6","13","t",".6"
"243","26",243,"26.6","10","t",".6"
"244","44",244,"44.6","13","e",".6"
"245","13",245,"13.6","12","n",".6"
"246","37",246,"37.6","6","e",".6"
"247","27",247,"27.6","11","t",".6"
"248","28",248,"28.6","12","t",".6"
"249","33",249,"33.6","2","e",".6"
"250","45",250,"45.6","14","e",".6"
"251","40",251,"40.6","9","e",".6"
"252","25",252,"25.6","9","t",".6"
"253","38",253,"38.6","7","e",".6"
"254","22",254,"22.6","6","t",".6"
"255","8",255,"8.6","7","n",".6"
"256","4",256,"4.6","3","n",".6"
"257","18",257,"18.6","2","t",".6"
"258","31",258,"31.6","0","e",".6"
"259","41",259,"41.6","10","e",".6"
"260","30",260,"30.6","14","t",".6"
"261","39",261,"39.6","8","e",".6"
"262","24",262,"24.6","8","t",".6"
"263","43",263,"43.6","12","e",".6"
"264","14",264,"14.6","13","n",".6"
"265","16",265,"16.6","0","t",".6"
"266","19",266,"19.6","3","t",".6"
"267","42",267,"42.6","11","e",".6"
"268","9",268,"9.6","8","n",".6"
"269","1",269,"1.6","0","n",".6"
"270","35",270,"35.6","4","e",".6"
"271","44",271,"44.7","13","e",".7"
"272","29",272,"29.7","13","t",".7"
"273","28",273,"28.7","12","t",".7"
"274","43",274,"43.7","12","e",".7"
"275","32",275,"32.7","1","e",".7"
"276","16",276,"16.7","0","t",".7"
"277","6",277,"6.7","5","n",".7"
"278","30",278,"30.7","14","t",".7"
"279","7",279,"7.7","6","n",".7"
"280","25",280,"25.7","9","t",".7"
"281","24",281,"24.7","8","t",".7"
"282","8",282,"8.7","7","n",".7"
"283","19",283,"19.7","3","t",".7"
"284","22",284,"22.7","6","t",".7"
"285","12",285,"12.7","11","n",".7"
"286","41",286,"41.7","10","e",".7"
"287","34",287,"34.7","3","e",".7"
"288","9",288,"9.7","8","n",".7"
"289","14",289,"14.7","13","n",".7"
"290","13",290,"13.7","12","n",".7"
"291","27",291,"27.7","11","t",".7"
"292","2",292,"2.7","1","n",".7"
"293","21",293,"21.7","5","t",".7"
"294","36",294,"36.7","5","e",".7"
"295","37",295,"37.7","6","e",".7"
"296","18",296,"18.7","2","t",".7"
"297","5",297,"5.7","4","n",".7"
"298","40",298,"40.7","9","e",".7"
"299","31",299,"31.7","0","e",".7"
"300","45",300,"45.7","14","e",".7"
"301","42",301,"42.7","11","e",".7"
"302","10",302,"10.7","9","n",".7"
"303","4",303,"4.7","3","n",".7"
"304","35",304,"35.7","4","e",".7"
"305","3",305,"3.7","2","n",".7"
"306","15",306,"15.7","14","n",".7"
"307","39",307,"39.7","8","e",".7"
"308","17",308,"17.7","1","t",".7"
"309","33",309,"33.7","2","e",".7"
"310","38",310,"38.7","7","e",".7"
"311","20",311,"20.7","4","t",".7"
"312","1",312,"1.7","0","n",".7"
"313","26",313,"26.7","10","t",".7"
"314","23",314,"23.7","7","t",".7"
"315","11",315,"11.7","10","n",".7"
"316","9",316,"9.8","8","n",".8"
"317","12",317,"12.8","11","n",".8"
"318","44",318,"44.8","13","e",".8"
"319","23",319,"23.8","7","t",".8"
"320","13",320,"13.8","12","n",".8"
"321","22",321,"22.8","6","t",".8"
"322","33",322,"33.8","2","e",".8"
"323","1",323,"1.8","0","n",".8"
"324","20",324,"20.8","4","t",".8"
"325","26",325,"26.8","10","t",".8"
"326","40",326,"40.8","9","e",".8"
"327","8",327,"8.8","7","n",".8"
"328","14",328,"14.8","13","n",".8"
"329","7",329,"7.8","6","n",".8"
"330","31",330,"31.8","0","e",".8"
"331","4",331,"4.8","3","n",".8"
"332","29",332,"29.8","13","t",".8"
"333","15",333,"15.8","14","n",".8"
"334","3",334,"3.8","2","n",".8"
"335","16",335,"16.8","0","t",".8"
"336","24",336,"24.8","8","t",".8"
"337","21",337,"21.8","5","t",".8"
"338","38",338,"38.8","7","e",".8"
"339","36",339,"36.8","5","e",".8"
"340","34",340,"34.8","3","e",".8"
"341","6",341,"6.8","5","n",".8"
"342","41",342,"41.8","10","e",".8"
"343","37",343,"37.8","6","e",".8"
"344","45",344,"45.8","14","e",".8"
"345","5",345,"5.8","4","n",".8"
"346","11",346,"11.8","10","n",".8"
"347","10",347,"10.8","9","n",".8"
"348","32",348,"32.8","1","e",".8"
"349","39",349,"39.8","8","e",".8"
"350","25",350,"25.8","9","t",".8"
"351","28",351,"28.8","12","t",".8"
"352","19",352,"19.8","3","t",".8"
"353","18",353,"18.8","2","t",".8"
"354","43",354,"43.8","12","e",".8"
"355","42",355,"42.8","11","e",".8"
"356","27",356,"27.8","11","t",".8"
"357","35",357,"35.8","4","e",".8"
"358","30",358,"30.8","14","t",".8"
"359","2",359,"2.8","1","n",".8"
"360","17",360,"17.8","1","t",".8"
"361","4",361,"4.9","3","n",".9"
"362","33",362,"33.9","2","e",".9"
"363","29",363,"29.9","13","t",".9"
"364","37",364,"37.9","6","e",".9"
"365","39",365,"39.9","8","e",".9"
"366","15",366,"15.9","14","n",".9"
"367","42",367,"42.9","11","e",".9"
"368","18",368,"18.9","2","t",".9"
"369","9",369,"9.9","8","n",".9"
"370","41",370,"41.9","10","e",".9"
"371","43",371,"43.9","12","e",".9"
"372","31",372,"31.9","0","e",".9"
"373","7",373,"7.9","6","n",".9"
"374","45",374,"45.9","14","e",".9"
"375","36",375,"36.9","5","e",".9"
"376","11",376,"11.9","10","n",".9"
"377","24",377,"24.9","8","t",".9"
"378","38",378,"38.9","7","e",".9"
"379","20",379,"20.9","4","t",".9"
"380","3",380,"3.9","2","n",".9"
"381","10",381,"10.9","9","n",".9"
"382","27",382,"27.9","11","t",".9"
"383","2",383,"2.9","1","n",".9"
"384","28",384,"28.9","12","t",".9"
"385","5",385,"5.9","4","n",".9"
"386","22",386,"22.9","6","t",".9"
"387","6",387,"6.9","5","n",".9"
"388","25",388,"25.9","9","t",".9"
"389","35",389,"35.9","4","e",".9"
"390","40",390,"40.9","9","e",".9"
"391","30",391,"30.9","14","t",".9"
"392","19",392,"19.9","3","t",".9"
"393","12",393,"12.9","11","n",".9"
"394","8",394,"8.9","7","n",".9"
"395","23",395,"23.9","7","t",".9"
"396","16",396,"16.9","0","t",".9"
"397","32",397,"32.9","1","e",".9"
"398","26",398,"26.9","10","t",".9"
"399","34",399,"34.9","3","e",".9"
"400","14",400,"14.9","13","n",".9"
"401","1",401,"1.9","0","n",".9"
"402","13",402,"13.9","12","n",".9"
"403","44",403,"44.9","13","e",".9"
"404","21",404,"21.9","5","t",".9"
"405","17",405,"17.9","1","t",".9"
"406","32",406,"32.10","1","e",".10"
"407","7",407,"7.10","6","n",".10"
"408","5",408,"5.10","4","n",".10"
"409","24",409,"24.10","8","t",".10"
"410","14",410,"14.10","13","n",".10"
"411","40",411,"40.10","9","e",".10"
"412","25",412,"25.10","9","t",".10"
"413","27",413,"27.10","11","t",".10"
"414","34",414,"34.10","3","e",".10"
"415","22",415,"22.10","6","t",".10"
"416","38",416,"38.10","7","e",".10"
"417","45",417,"45.10","14","e",".10"
"418","9",418,"9.10","8","n",".10"
"419","44",419,"44.10","13","e",".10"
"420","17",420,"17.10","1","t",".10"
"421","4",421,"4.10","3","n",".10"
"422","1",422,"1.10","0","n",".10"
"423","41",423,"41.10","10","e",".10"
"424","29",424,"29.10","13","t",".10"
"425","43",425,"43.10","12","e",".10"
"426","37",426,"37.10","6","e",".10"
"427","39",427,"39.10","8","e",".10"
"428","10",428,"10.10","9","n",".10"
"429","3",429,"3.10","2","n",".10"
"430","18",430,"18.10","2","t",".10"
"431","12",431,"12.10","11","n",".10"
"432","2",432,"2.10","1","n",".10"
"433","31",433,"31.10","0","e",".10"
"434","13",434,"13.10","12","n",".10"
"435","28",435,"28.10","12","t",".10"
"436","30",436,"30.10","14","t",".10"
"437","8",437,"8.10","7","n",".10"
"438","26",438,"26.10","10","t",".10"
"439","11",439,"11.10","10","n",".10"
"440","21",440,"21.10","5","t",".10"
"441","23",441,"23.10","7","t",".10"
"442","33",442,"33.10","2","e",".10"
"443","20",443,"20.10","4","t",".10"
"444","15",444,"15.10","14","n",".10"
"445","42",445,"42.10","11","e",".10"
"446","36",446,"36.10","5","e",".10"
"447","16",447,"16.10","0","t",".10"
"448","35",448,"35.10","4","e",".10"
"449","19",449,"19.10","3","t",".10"
"450","6",450,"6.10","5","n",".10"
"451","34",451,"34.11","3","e",".11"
"452","6",452,"6.11","5","n",".11"
"453","10",453,"10.11","9","n",".11"
"454","5",454,"5.11","4","n",".11"
"455","32",455,"32.11","1","e",".11"
"456","1",456,"1.11","0","n",".11"
"457","27",457,"27.11","11","t",".11"
"458","25",458,"25.11","9","t",".11"
"459","35",459,"35.11","4","e",".11"
"460","20",460,"20.11","4","t",".11"
"461","44",461,"44.11","13","e",".11"
"462","18",462,"18.11","2","t",".11"
"463","23",463,"23.11","7","t",".11"
"464","12",464,"12.11","11","n",".11"
"465","11",465,"11.11","10","n",".11"
"466","17",466,"17.11","1","t",".11"
"467","36",467,"36.11","5","e",".11"
"468","7",468,"7.11","6","n",".11"
"469","14",469,"14.11","13","n",".11"
"470","37",470,"37.11","6","e",".11"
"471","21",471,"21.11","5","t",".11"
"472","15",472,"15.11","14","n",".11"
"473","38",473,"38.11","7","e",".11"
"474","22",474,"22.11","6","t",".11"
"475","8",475,"8.11","7","n",".11"
"476","13",476,"13.11","12","n",".11"
"477","42",477,"42.11","11","e",".11"
"478","16",478,"16.11","0","t",".11"
"479","31",479,"31.11","0","e",".11"
"480","3",480,"3.11","2","n",".11"
"481","33",481,"33.11","2","e",".11"
"482","2",482,"2.11","1","n",".11"
"483","41",483,"41.11","10","e",".11"
"484","29",484,"29.11","13","t",".11"
"485","9",485,"9.11","8","n",".11"
"486","39",486,"39.11","8","e",".11"
"487","4",487,"4.11","3","n",".11"
"488","30",488,"30.11","14","t",".11"
"489","45",489,"45.11","14","e",".11"
"490","28",490,"28.11","12","t",".11"
"491","40",491,"40.11","9","e",".11"
"492","26",492,"26.11","10","t",".11"
"493","24",493,"24.11","8","t",".11"
"494","43",494,"43.11","12","e",".11"
"495","19",495,"19.11","3","t",".11"
"496","28",496,"28.12","12","t",".12"
"497","15",497,"15.12","14","n",".12"
"498","2",498,"2.12","1","n",".12"
"499","18",499,"18.12","2","t",".12"
"500","7",500,"7.12","6","n",".12"
"501","42",501,"42.12","11","e",".12"
"502","37",502,"37.12","6","e",".12"
"503","45",503,"45.12","14","e",".12"
"504","27",504,"27.12","11","t",".12"
"505","43",505,"43.12","12","e",".12"
"506","12",506,"12.12","11","n",".12"
"507","40",507,"40.12","9","e",".12"
"508","33",508,"33.12","2","e",".12"
"509","39",509,"39.12","8","e",".12"
"510","25",510,"25.12","9","t",".12"
"511","38",511,"38.12","7","e",".12"
"512","6",512,"6.12","5","n",".12"
"513","13",513,"13.12","12","n",".12"
"514","5",514,"5.12","4","n",".12"
"515","14",515,"14.12","13","n",".12"
"516","16",516,"16.12","0","t",".12"
"517","22",517,"22.12","6","t",".12"
"518","17",518,"17.12","1","t",".12"
"519","9",519,"9.12","8","n",".12"
"520","3",520,"3.12","2","n",".12"
"521","31",521,"31.12","0","e",".12"
"522","4",522,"4.12","3","n",".12"
"523","23",523,"23.12","7","t",".12"
"524","44",524,"44.12","13","e",".12"
"525","8",525,"8.12","7","n",".12"
"526","29",526,"29.12","13","t",".12"
"527","32",527,"32.12","1","e",".12"
"528","21",528,"21.12","5","t",".12"
"529","1",529,"1.12","0","n",".12"
"530","11",530,"11.12","10","n",".12"
"531","26",531,"26.12","10","t",".12"
"532","19",532,"19.12","3","t",".12"
"533","35",533,"35.12","4","e",".12"
"534","34",534,"34.12","3","e",".12"
"535","24",535,"24.12","8","t",".12"
"536","36",536,"36.12","5","e",".12"
"537","41",537,"41.12","10","e",".12"
"538","30",538,"30.12","14","t",".12"
"539","10",539,"10.12","9","n",".12"
"540","20",540,"20.12","4","t",".12"
"541","22",541,"22.13","6","t",".13"
"542","13",542,"13.13","12","n",".13"
"543","32",543,"32.13","1","e",".13"
"544","25",544,"25.13","9","t",".13"
"545","30",545,"30.13","14","t",".13"
"546","31",546,"31.13","0","e",".13"
"547","23",547,"23.13","7","t",".13"
"548","27",548,"27.13","11","t",".13"
"549","11",549,"11.13","10","n",".13"
"550","6",550,"6.13","5","n",".13"
"551","1",551,"1.13","0","n",".13"
"552","18",552,"18.13","2","t",".13"
"553","29",553,"29.13","13","t",".13"
"554","19",554,"19.13","3","t",".13"
"555","42",555,"42.13","11","e",".13"
"556","38",556,"38.13","7","e",".13"
"557","44",557,"44.13","13","e",".13"
"558","28",558,"28.13","12","t",".13"
"559","39",559,"39.13","8","e",".13"
"560","3",560,"3.13","2","n",".13"
"561","21",561,"21.13","5","t",".13"
"562","16",562,"16.13","0","t",".13"
"563","43",563,"43.13","12","e",".13"
"564","10",564,"10.13","9","n",".13"
"565","17",565,"17.13","1","t",".13"
"566","8",566,"8.13","7","n",".13"
"567","14",567,"14.13","13","n",".13"
"568","36",568,"36.13","5","e",".13"
"569","37",569,"37.13","6","e",".13"
"570","4",570,"4.13","3","n",".13"
"571","40",571,"40.13","9","e",".13"
"572","34",572,"34.13","3","e",".13"
"573","41",573,"41.13","10","e",".13"
"574","7",574,"7.13","6","n",".13"
"575","20",575,"20.13","4","t",".13"
"576","2",576,"2.13","1","n",".13"
"577","12",577,"12.13","11","n",".13"
"578","26",578,"26.13","10","t",".13"
"579","35",579,"35.13","4","e",".13"
"580","33",580,"33.13","2","e",".13"
"581","9",581,"9.13","8","n",".13"
"582","5",582,"5.13","4","n",".13"
"583","45",583,"45.13","14","e",".13"
"584","24",584,"24.13","8","t",".13"
"585","15",585,"15.13","14","n",".13"
"586","13",586,"13.14","12","n",".14"
"587","41",587,"41.14","10","e",".14"
"588","11",588,"11.14","10","n",".14"
"589","2",589,"2.14","1","n",".14"
"590","25",590,"25.14","9","t",".14"
"591","16",591,"16.14","0","t",".14"
"592","8",592,"8.14","7","n",".14"
"593","42",593,"42.14","11","e",".14"
"594","40",594,"40.14","9","e",".14"
"595","10",595,"10.14","9","n",".14"
"596","21",596,"21.14","5","t",".14"
"597","6",597,"6.14","5","n",".14"
"598","27",598,"27.14","11","t",".14"
"599","34",599,"34.14","3","e",".14"
"600","29",600,"29.14","13","t",".14"
"601","3",601,"3.14","2","n",".14"
"602","7",602,"7.14","6","n",".14"
"603","45",603,"45.14","14","e",".14"
"604","39",604,"39.14","8","e",".14"
"605","24",605,"24.14","8","t",".14"
"606","4",606,"4.14","3","n",".14"
"607","38",607,"38.14","7","e",".14"
"608","12",608,"12.14","11","n",".14"
"609","20",609,"20.14","4","t",".14"
"610","43",610,"43.14","12","e",".14"
"611","1",611,"1.14","0","n",".14"
"612","18",612,"18.14","2","t",".14"
"613","9",613,"9.14","8","n",".14"
"614","19",614,"19.14","3","t",".14"
"615","36",615,"36.14","5","e",".14"
"616","14",616,"14.14","13","n",".14"
"617","31",617,"31.14","0","e",".14"
"618","30",618,"30.14","14","t",".14"
"619","33",619,"33.14","2","e",".14"
"620","35",620,"35.14","4","e",".14"
"621","23",621,"23.14","7","t",".14"
"622","15",622,"15.14","14","n",".14"
"623","37",623,"37.14","6","e",".14"
"624","17",624,"17.14","1","t",".14"
"625","32",625,"32.14","1","e",".14"
"626","5",626,"5.14","4","n",".14"
"627","44",627,"44.14","13","e",".14"
"628","22",628,"22.14","6","t",".14"
"629","26",629,"26.14","10","t",".14"
"630","28",630,"28.14","12","t",".14"
"631","2",631,"2.15","1","n",".15"
"632","45",632,"45.15","14","e",".15"
"633","23",633,"23.15","7","t",".15"
"634","41",634,"41.15","10","e",".15"
"635","30",635,"30.15","14","t",".15"
"636","13",636,"13.15","12","n",".15"
"637","39",637,"39.15","8","e",".15"
"638","21",638,"21.15","5","t",".15"
"639","35",639,"35.15","4","e",".15"
"640","6",640,"6.15","5","n",".15"
"641","8",641,"8.15","7","n",".15"
"642","37",642,"37.15","6","e",".15"
"643","42",643,"42.15","11","e",".15"
"644","19",644,"19.15","3","t",".15"
"645","32",645,"32.15","1","e",".15"
"646","9",646,"9.15","8","n",".15"
"647","4",647,"4.15","3","n",".15"
"648","29",648,"29.15","13","t",".15"
"649","22",649,"22.15","6","t",".15"
"650","36",650,"36.15","5","e",".15"
"651","11",651,"11.15","10","n",".15"
"652","31",652,"31.15","0","e",".15"
"653","7",653,"7.15","6","n",".15"
"654","24",654,"24.15","8","t",".15"
"655","26",655,"26.15","10","t",".15"
"656","34",656,"34.15","3","e",".15"
"657","14",657,"14.15","13","n",".15"
"658","28",658,"28.15","12","t",".15"
"659","15",659,"15.15","14","n",".15"
"660","40",660,"40.15","9","e",".15"
"661","3",661,"3.15","2","n",".15"
"662","25",662,"25.15","9","t",".15"
"663","38",663,"38.15","7","e",".15"
"664","18",664,"18.15","2","t",".15"
"665","20",665,"20.15","4","t",".15"
"666","27",666,"27.15","11","t",".15"
"667","10",667,"10.15","9","n",".15"
"668","17",668,"17.15","1","t",".15"
"669","12",669,"12.15","11","n",".15"
"670","1",670,"1.15","0","n",".15"
"671","43",671,"43.15","12","e",".15"
"672","44",672,"44.15","13","e",".15"
"673","16",673,"16.15","0","t",".15"
"674","33",674,"33.15","2","e",".15"
"675","5",675,"5.15","4","n",".15"
"676","38",676,"38.16","7","e",".16"
"677","7",677,"7.16","6","n",".16"
"678","20",678,"20.16","4","t",".16"
"679","26",679,"26.16","10","t",".16"
"680","8",680,"8.16","7","n",".16"
"681","23",681,"23.16","7","t",".16"
"682","25",682,"25.16","9","t",".16"
"683","21",683,"21.16","5","t",".16"
"684","12",684,"12.16","11","n",".16"
"685","39",685,"39.16","8","e",".16"
"686","30",686,"30.16","14","t",".16"
"687","29",687,"29.16","13","t",".16"
"688","31",688,"31.16","0","e",".16"
"689","44",689,"44.16","13","e",".16"
"690","37",690,"37.16","6","e",".16"
"691","43",691,"43.16","12","e",".16"
"692","24",692,"24.16","8","t",".16"
"693","9",693,"9.16","8","n",".16"
"694","10",694,"10.16","9","n",".16"
"695","28",695,"28.16","12","t",".16"
"696","5",696,"5.16","4","n",".16"
"697","40",697,"40.16","9","e",".16"
"698","4",698,"4.16","3","n",".16"
"699","1",699,"1.16","0","n",".16"
"700","17",700,"17.16","1","t",".16"
"701","6",701,"6.16","5","n",".16"
"702","41",702,"41.16","10","e",".16"
"703","33",703,"33.16","2","e",".16"
"704","14",704,"14.16","13","n",".16"
"705","45",705,"45.16","14","e",".16"
"706","11",706,"11.16","10","n",".16"
"707","18",707,"18.16","2","t",".16"
"708","35",708,"35.16","4","e",".16"
"709","16",709,"16.16","0","t",".16"
"710","15",710,"15.16","14","n",".16"
"711","27",711,"27.16","11","t",".16"
"712","3",712,"3.16","2","n",".16"
"713","19",713,"19.16","3","t",".16"
"714","13",714,"13.16","12","n",".16"
"715","36",715,"36.16","5","e",".16"
"716","34",716,"34.16","3","e",".16"
"717","2",717,"2.16","1","n",".16"
"718","22",718,"22.16","6","t",".16"
"719","42",719,"42.16","11","e",".16"
"720","32",720,"32.16","1","e",".16"
"721","4",721,"4.17","3","n",".17"
"722","15",722,"15.17","14","n",".17"
"723","33",723,"33.17","2","e",".17"
"724","30",724,"30.17","14","t",".17"
"725","18",725,"18.17","2","t",".17"
"726","3",726,"3.17","2","n",".17"
"727","32",727,"32.17","1","e",".17"
"728","26",728,"26.17","10","t",".17"
"729","25",729,"25.17","9","t",".17"
"730","22",730,"22.17","6","t",".17"
"731","14",731,"14.17","13","n",".17"
"732","42",732,"42.17","11","e",".17"
"733","28",733,"28.17","12","t",".17"
"734","39",734,"39.17","8","e",".17"
"735","29",735,"29.17","13","t",".17"
"736","45",736,"45.17","14","e",".17"
"737","36",737,"36.17","5","e",".17"
"738","10",738,"10.17","9","n",".17"
"739","38",739,"38.17","7","e",".17"
"740","5",740,"5.17","4","n",".17"
"741","31",741,"31.17","0","e",".17"
"742","43",742,"43.17","12","e",".17"
"743","40",743,"40.17","9","e",".17"
"744","1",744,"1.17","0","n",".17"
"745","24",745,"24.17","8","t",".17"
"746","13",746,"13.17","12","n",".17"
"747","44",747,"44.17","13","e",".17"
"748","6",748,"6.17","5","n",".17"
"749","7",749,"7.17","6","n",".17"
"750","11",750,"11.17","10","n",".17"
"751","17",751,"17.17","1","t",".17"
"752","2",752,"2.17","1","n",".17"
"753","21",753,"21.17","5","t",".17"
"754","9",754,"9.17","8","n",".17"
"755","37",755,"37.17","6","e",".17"
"756","16",756,"16.17","0","t",".17"
"757","8",757,"8.17","7","n",".17"
"758","27",758,"27.17","11","t",".17"
"759","20",759,"20.17","4","t",".17"
"760","12",760,"12.17","11","n",".17"
"761","34",761,"34.17","3","e",".17"
"762","19",762,"19.17","3","t",".17"
"763","35",763,"35.17","4","e",".17"
"764","41",764,"41.17","10","e",".17"
"765","23",765,"23.17","7","t",".17"
"766","6",766,"6.18","5","n",".18"
"767","17",767,"17.18","1","t",".18"
"768","29",768,"29.18","13","t",".18"
"769","30",769,"30.18","14","t",".18"
"770","2",770,"2.18","1","n",".18"
"771","26",771,"26.18","10","t",".18"
"772","7",772,"7.18","6","n",".18"
"773","28",773,"28.18","12","t",".18"
"774","36",774,"36.18","5","e",".18"
"775","10",775,"10.18","9","n",".18"
"776","45",776,"45.18","14","e",".18"
"777","14",777,"14.18","13","n",".18"
"778","22",778,"22.18","6","t",".18"
"779","42",779,"42.18","11","e",".18"
"780","19",780,"19.18","3","t",".18"
"781","1",781,"1.18","0","n",".18"
"782","41",782,"41.18","10","e",".18"
"783","4",783,"4.18","3","n",".18"
"784","43",784,"43.18","12","e",".18"
"785","38",785,"38.18","7","e",".18"
"786","5",786,"5.18","4","n",".18"
"787","32",787,"32.18","1","e",".18"
"788","31",788,"31.18","0","e",".18"
"789","15",789,"15.18","14","n",".18"
"790","23",790,"23.18","7","t",".18"
"791","20",791,"20.18","4","t",".18"
"792","39",792,"39.18","8","e",".18"
"793","25",793,"25.18","9","t",".18"
"794","11",794,"11.18","10","n",".18"
"795","40",795,"40.18","9","e",".18"
"796","44",796,"44.18","13","e",".18"
"797","27",797,"27.18","11","t",".18"
"798","18",798,"18.18","2","t",".18"
"799","16",799,"16.18","0","t",".18"
"800","35",800,"35.18","4","e",".18"
"801","8",801,"8.18","7","n",".18"
"802","3",802,"3.18","2","n",".18"
"803","9",803,"9.18","8","n",".18"
"804","34",804,"34.18","3","e",".18"
"805","33",805,"33.18","2","e",".18"
"806","12",806,"12.18","11","n",".18"
"807","37",807,"37.18","6","e",".18"
"808","13",808,"13.18","12","n",".18"
"809","24",809,"24.18","8","t",".18"
"810","21",810,"21.18","5","t",".18"
"811","30",811,"30.19","14","t",".19"
"812","44",812,"44.19","13","e",".19"
"813","19",813,"19.19","3","t",".19"
"814","25",814,"25.19","9","t",".19"
"815","37",815,"37.19","6","e",".19"
"816","16",816,"16.19","0","t",".19"
"817","28",817,"28.19","12","t",".19"
"818","29",818,"29.19","13","t",".19"
"819","20",819,"20.19","4","t",".19"
"820","45",820,"45.19","14","e",".19"
"821","24",821,"24.19","8","t",".19"
"822","13",822,"13.19","12","n",".19"
"823","22",823,"22.19","6","t",".19"
"824","21",824,"21.19","5","t",".19"
"825","39",825,"39.19","8","e",".19"
"826","17",826,"17.19","1","t",".19"
"827","40",827,"40.19","9","e",".19"
"828","23",828,"23.19","7","t",".19"
"829","6",829,"6.19","5","n",".19"
"830","9",830,"9.19","8","n",".19"
"831","2",831,"2.19","1","n",".19"
"832","1",832,"1.19","0","n",".19"
"833","8",833,"8.19","7","n",".19"
"834","35",834,"35.19","4","e",".19"
"835","27",835,"27.19","11","t",".19"
"836","5",836,"5.19","4","n",".19"
"837","3",837,"3.19","2","n",".19"
"838","10",838,"10.19","9","n",".19"
"839","11",839,"11.19","10","n",".19"
"840","36",840,"36.19","5","e",".19"
"841","7",841,"7.19","6","n",".19"
"842","26",842,"26.19","10","t",".19"
"843","33",843,"33.19","2","e",".19"
"844","18",844,"18.19","2","t",".19"
"845","42",845,"42.19","11","e",".19"
"846","43",846,"43.19","12","e",".19"
"847","31",847,"31.19","0","e",".19"
"848","38",848,"38.19","7","e",".19"
"849","32",849,"32.19","1","e",".19"
"850","41",850,"41.19","10","e",".19"
"851","34",851,"34.19","3","e",".19"
"852","12",852,"12.19","11","n",".19"
"853","14",853,"14.19","13","n",".19"
"854","4",854,"4.19","3","n",".19"
"855","15",855,"15.19","14","n",".19"
"856","5",856,"5.20","4","n",".20"
"857","39",857,"39.20","8","e",".20"
"858","24",858,"24.20","8","t",".20"
"859","26",859,"26.20","10","t",".20"
"860","30",860,"30.20","14","t",".20"
"861","21",861,"21.20","5","t",".20"
"862","16",862,"16.20","0","t",".20"
"863","19",863,"19.20","3","t",".20"
"864","28",864,"28.20","12","t",".20"
"865","31",865,"31.20","0","e",".20"
"866","13",866,"13.20","12","n",".20"
"867","32",867,"32.20","1","e",".20"
"868","9",868,"9.20","8","n",".20"
"869","42",869,"42.20","11","e",".20"
"870","4",870,"4.20","3","n",".20"
"871","29",871,"29.20","13","t",".20"
"872","2",872,"2.20","1","n",".20"
"873","14",873,"14.20","13","n",".20"
"874","10",874,"10.20","9","n",".20"
"875","43",875,"43.20","12","e",".20"
"876","18",876,"18.20","2","t",".20"
"877","41",877,"41.20","10","e",".20"
"878","11",878,"11.20","10","n",".20"
"879","33",879,"33.20","2","e",".20"
"880","7",880,"7.20","6","n",".20"
"881","6",881,"6.20","5","n",".20"
"882","34",882,"34.20","3","e",".20"
"883","38",883,"38.20","7","e",".20"
"884","23",884,"23.20","7","t",".20"
"885","35",885,"35.20","4","e",".20"
"886","45",886,"45.20","14","e",".20"
"887","8",887,"8.20","7","n",".20"
"888","1",888,"1.20","0","n",".20"
"889","36",889,"36.20","5","e",".20"
"890","27",890,"27.20","11","t",".20"
"891","20",891,"20.20","4","t",".20"
"892","22",892,"22.20","6","t",".20"
"893","12",893,"12.20","11","n",".20"
"894","37",894,"37.20","6","e",".20"
"895","17",895,"17.20","1","t",".20"
"896","40",896,"40.20","9","e",".20"
"897","15",897,"15.20","14","n",".20"
"898","3",898,"3.20","2","n",".20"
"899","44",899,"44.20","13","e",".20"
"900","25",900,"25.20","9","t",".20"
"901","25",901,"25.21","9","t",".21"
"902","42",902,"42.21","11","e",".21"
"903","2",903,"2.21","1","n",".21"
"904","9",904,"9.21","8","n",".21"
"905","13",905,"13.21","12","n",".21"
"906","45",906,"45.21","14","e",".21"
"907","28",907,"28.21","12","t",".21"
"908","39",908,"39.21","8","e",".21"
"909","37",909,"37.21","6","e",".21"
"910","16",910,"16.21","0","t",".21"
"911","8",911,"8.21","7","n",".21"
"912","43",912,"43.21","12","e",".21"
"913","26",913,"26.21","10","t",".21"
"914","4",914,"4.21","3","n",".21"
"915","18",915,"18.21","2","t",".21"
"916","30",916,"30.21","14","t",".21"
"917","12",917,"12.21","11","n",".21"
"918","27",918,"27.21","11","t",".21"
"919","20",919,"20.21","4","t",".21"
"920","24",920,"24.21","8","t",".21"
"921","10",921,"10.21","9","n",".21"
"922","19",922,"19.21","3","t",".21"
"923","32",923,"32.21","1","e",".21"
"924","34",924,"34.21","3","e",".21"
"925","7",925,"7.21","6","n",".21"
"926","1",926,"1.21","0","n",".21"
"927","23",927,"23.21","7","t",".21"
"928","31",928,"31.21","0","e",".21"
"929","5",929,"5.21","4","n",".21"
"930","21",930,"21.21","5","t",".21"
"931","14",931,"14.21","13","n",".21"
"932","22",932,"22.21","6","t",".21"
"933","29",933,"29.21","13","t",".21"
"934","3",934,"3.21","2","n",".21"
"935","38",935,"38.21","7","e",".21"
"936","35",936,"35.21","4","e",".21"
"937","33",937,"33.21","2","e",".21"
"938","11",938,"11.21","10","n",".21"
"939","36",939,"36.21","5","e",".21"
"940","41",940,"41.21","10","e",".21"
"941","40",941,"40.21","9","e",".21"
"942","44",942,"44.21","13","e",".21"
"943","6",943,"6.21","5","n",".21"
"944","17",944,"17.21","1","t",".21"
"945","15",945,"15.21","14","n",".21"
"946","16",946,"16.22","0","t",".22"
"947","14",947,"14.22","13","n",".22"
"948","37",948,"37.22","6","e",".22"
"949","1",949,"1.22","0","n",".22"
"950","18",950,"18.22","2","t",".22"
"951","41",951,"41.22","10","e",".22"
"952","17",952,"17.22","1","t",".22"
"953","36",953,"36.22","5","e",".22"
"954","35",954,"35.22","4","e",".22"
"955","32",955,"32.22","1","e",".22"
"956","5",956,"5.22","4","n",".22"
"957","31",957,"31.22","0","e",".22"
"958","43",958,"43.22","12","e",".22"
"959","39",959,"39.22","8","e",".22"
"960","15",960,"15.22","14","n",".22"
"961","3",961,"3.22","2","n",".22"
"962","34",962,"34.22","3","e",".22"
"963","13",963,"13.22","12","n",".22"
"964","21",964,"21.22","5","t",".22"
"965","12",965,"12.22","11","n",".22"
"966","23",966,"23.22","7","t",".22"
"967","19",967,"19.22","3","t",".22"
"968","7",968,"7.22","6","n",".22"
"969","8",969,"8.22","7","n",".22"
"970","22",970,"22.22","6","t",".22"
"971","4",971,"4.22","3","n",".22"
"972","44",972,"44.22","13","e",".22"
"973","38",973,"38.22","7","e",".22"
"974","30",974,"30.22","14","t",".22"
"975","10",975,"10.22","9","n",".22"
"976","24",976,"24.22","8","t",".22"
"977","33",977,"33.22","2","e",".22"
"978","40",978,"40.22","9","e",".22"
"979","42",979,"42.22","11","e",".22"
"980","45",980,"45.22","14","e",".22"
"981","27",981,"27.22","11","t",".22"
"982","28",982,"28.22","12","t",".22"
"983","20",983,"20.22","4","t",".22"
"984","25",984,"25.22","9","t",".22"
"985","2",985,"2.22","1","n",".22"
"986","29",986,"29.22","13","t",".22"
"987","11",987,"11.22","10","n",".22"
"988","26",988,"26.22","10","t",".22"
"989","6",989,"6.22","5","n",".22"
"990","9",990,"9.22","8","n",".22"
"991","6",991,"6.23","5","n",".23"
"992","2",992,"2.23","1","n",".23"
"993","29",993,"29.23","13","t",".23"
"994","26",994,"26.23","10","t",".23"
"995","21",995,"21.23","5","t",".23"
"996","18",996,"18.23","2","t",".23"
"997","23",997,"23.23","7","t",".23"
"998","13",998,"13.23","12","n",".23"
"999","8",999,"8.23","7","n",".23"
"1000","14",1000,"14.23","13","n",".23"
"1001","39",1001,"39.23","8","e",".23"
"1002","4",1002,"4.23","3","n",".23"
"1003","44",1003,"44.23","13","e",".23"
"1004","25",1004,"25.23","9","t",".23"
"1005","11",1005,"11.23","10","n",".23"
"1006","1",1006,"1.23","0","n",".23"
"1007","22",1007,"22.23","6","t",".23"
"1008","35",1008,"35.23","4","e",".23"
"1009","28",1009,"28.23","12","t",".23"
"1010","38",1010,"38.23","7","e",".23"
"1011","32",1011,"32.23","1","e",".23"
"1012","43",1012,"43.23","12","e",".23"
"1013","40",1013,"40.23","9","e",".23"
"1014","31",1014,"31.23","0","e",".23"
"1015","45",1015,"45.23","14","e",".23"
"1016","42",1016,"42.23","11","e",".23"
"1017","10",1017,"10.23","9","n",".23"
"1018","27",1018,"27.23","11","t",".23"
"1019","3",1019,"3.23","2","n",".23"
"1020","30",1020,"30.23","14","t",".23"
"1021","12",1021,"12.23","11","n",".23"
"1022","37",1022,"37.23","6","e",".23"
"1023","33",1023,"33.23","2","e",".23"
"1024","34",1024,"34.23","3","e",".23"
"1025","15",1025,"15.23","14","n",".23"
"1026","19",1026,"19.23","3","t",".23"
"1027","36",1027,"36.23","5","e",".23"
"1028","24",1028,"24.23","8","t",".23"
"1029","16",1029,"16.23","0","t",".23"
"1030","41",1030,"41.23","10","e",".23"
"1031","17",1031,"17.23","1","t",".23"
"1032","7",1032,"7.23","6","n",".23"
"1033","20",1033,"20.23","4","t",".23"
"1034","5",1034,"5.23","4","n",".23"
"1035","9",1035,"9.23","8","n",".23"
"1036","12",1036,"12.24","11","n",".24"
"1037","26",1037,"26.24","10","t",".24"
"1038","34",1038,"34.24","3","e",".24"
"1039","19",1039,"19.24","3","t",".24"
"1040","41",1040,"41.24","10","e",".24"
"1041","32",1041,"32.24","1","e",".24"
"1042","7",1042,"7.24","6","n",".24"
"1043","2",1043,"2.24","1","n",".24"
"1044","8",1044,"8.24","7","n",".24"
"1045","21",1045,"21.24","5","t",".24"
"1046","25",1046,"25.24","9","t",".24"
"1047","37",1047,"37.24","6","e",".24"
"1048","39",1048,"39.24","8","e",".24"
"1049","42",1049,"42.24","11","e",".24"
"1050","17",1050,"17.24","1","t",".24"
"1051","18",1051,"18.24","2","t",".24"
"1052","16",1052,"16.24","0","t",".24"
"1053","43",1053,"43.24","12","e",".24"
"1054","40",1054,"40.24","9","e",".24"
"1055","31",1055,"31.24","0","e",".24"
"1056","27",1056,"27.24","11","t",".24"
"1057","13",1057,"13.24","12","n",".24"
"1058","14",1058,"14.24","13","n",".24"
"1059","4",1059,"4.24","3","n",".24"
"1060","6",1060,"6.24","5","n",".24"
"1061","29",1061,"29.24","13","t",".24"
"1062","36",1062,"36.24","5","e",".24"
"1063","5",1063,"5.24","4","n",".24"
"1064","1",1064,"1.24","0","n",".24"
"1065","38",1065,"38.24","7","e",".24"
"1066","9",1066,"9.24","8","n",".24"
"1067","3",1067,"3.24","2","n",".24"
"1068","20",1068,"20.24","4","t",".24"
"1069","23",1069,"23.24","7","t",".24"
"1070","44",1070,"44.24","13","e",".24"
"1071","35",1071,"35.24","4","e",".24"
"1072","33",1072,"33.24","2","e",".24"
"1073","10",1073,"10.24","9","n",".24"
"1074","15",1074,"15.24","14","n",".24"
"1075","22",1075,"22.24","6","t",".24"
"1076","30",1076,"30.24","14","t",".24"
"1077","11",1077,"11.24","10","n",".24"
"1078","45",1078,"45.24","14","e",".24"
"1079","28",1079,"28.24","12","t",".24"
"1080","24",1080,"24.24","8","t",".24"
"1081","35",1081,"35.25","4","e",".25"
"1082","15",1082,"15.25","14","n",".25"
"1083","14",1083,"14.25","13","n",".25"
"1084","38",1084,"38.25","7","e",".25"
"1085","7",1085,"7.25","6","n",".25"
"1086","25",1086,"25.25","9","t",".25"
"1087","19",1087,"19.25","3","t",".25"
"1088","22",1088,"22.25","6","t",".25"
"1089","3",1089,"3.25","2","n",".25"
"1090","41",1090,"41.25","10","e",".25"
"1091","2",1091,"2.25","1","n",".25"
"1092","8",1092,"8.25","7","n",".25"
"1093","28",1093,"28.25","12","t",".25"
"1094","44",1094,"44.25","13","e",".25"
"1095","45",1095,"45.25","14","e",".25"
"1096","5",1096,"5.25","4","n",".25"
"1097","33",1097,"33.25","2","e",".25"
"1098","29",1098,"29.25","13","t",".25"
"1099","1",1099,"1.25","0","n",".25"
"1100","20",1100,"20.25","4","t",".25"
"1101","6",1101,"6.25","5","n",".25"
"1102","11",1102,"11.25","10","n",".25"
"1103","26",1103,"26.25","10","t",".25"
"1104","10",1104,"10.25","9","n",".25"
"1105","18",1105,"18.25","2","t",".25"
"1106","32",1106,"32.25","1","e",".25"
"1107","36",1107,"36.25","5","e",".25"
"1108","16",1108,"16.25","0","t",".25"
"1109","31",1109,"31.25","0","e",".25"
"1110","4",1110,"4.25","3","n",".25"
"1111","30",1111,"30.25","14","t",".25"
"1112","24",1112,"24.25","8","t",".25"
"1113","21",1113,"21.25","5","t",".25"
"1114","12",1114,"12.25","11","n",".25"
"1115","27",1115,"27.25","11","t",".25"
"1116","40",1116,"40.25","9","e",".25"
"1117","9",1117,"9.25","8","n",".25"
"1118","39",1118,"39.25","8","e",".25"
"1119","13",1119,"13.25","12","n",".25"
"1120","17",1120,"17.25","1","t",".25"
"1121","42",1121,"42.25","11","e",".25"
"1122","34",1122,"34.25","3","e",".25"
"1123","43",1123,"43.25","12","e",".25"
"1124","23",1124,"23.25","7","t",".25"
"1125","37",1125,"37.25","6","e",".25"
"1126","34",1126,"34.26","3","e",".26"
"1127","3",1127,"3.26","2","n",".26"
"1128","1",1128,"1.26","0","n",".26"
"1129","14",1129,"14.26","13","n",".26"
"1130","41",1130,"41.26","10","e",".26"
"1131","4",1131,"4.26","3","n",".26"
"1132","36",1132,"36.26","5","e",".26"
"1133","33",1133,"33.26","2","e",".26"
"1134","42",1134,"42.26","11","e",".26"
"1135","9",1135,"9.26","8","n",".26"
"1136","11",1136,"11.26","10","n",".26"
"1137","12",1137,"12.26","11","n",".26"
"1138","15",1138,"15.26","14","n",".26"
"1139","26",1139,"26.26","10","t",".26"
"1140","30",1140,"30.26","14","t",".26"
"1141","44",1141,"44.26","13","e",".26"
"1142","8",1142,"8.26","7","n",".26"
"1143","16",1143,"16.26","0","t",".26"
"1144","31",1144,"31.26","0","e",".26"
"1145","29",1145,"29.26","13","t",".26"
"1146","28",1146,"28.26","12","t",".26"
"1147","35",1147,"35.26","4","e",".26"
"1148","40",1148,"40.26","9","e",".26"
"1149","2",1149,"2.26","1","n",".26"
"1150","20",1150,"20.26","4","t",".26"
"1151","39",1151,"39.26","8","e",".26"
"1152","32",1152,"32.26","1","e",".26"
"1153","24",1153,"24.26","8","t",".26"
"1154","7",1154,"7.26","6","n",".26"
"1155","23",1155,"23.26","7","t",".26"
"1156","19",1156,"19.26","3","t",".26"
"1157","25",1157,"25.26","9","t",".26"
"1158","45",1158,"45.26","14","e",".26"
"1159","27",1159,"27.26","11","t",".26"
"1160","10",1160,"10.26","9","n",".26"
"1161","43",1161,"43.26","12","e",".26"
"1162","17",1162,"17.26","1","t",".26"
"1163","13",1163,"13.26","12","n",".26"
"1164","37",1164,"37.26","6","e",".26"
"1165","6",1165,"6.26","5","n",".26"
"1166","5",1166,"5.26","4","n",".26"
"1167","22",1167,"22.26","6","t",".26"
"1168","38",1168,"38.26","7","e",".26"
"1169","18",1169,"18.26","2","t",".26"
"1170","21",1170,"21.26","5","t",".26"
"1171","45",1171,"45.27","14","e",".27"
"1172","35",1172,"35.27","4","e",".27"
"1173","14",1173,"14.27","13","n",".27"
"1174","9",1174,"9.27","8","n",".27"
"1175","20",1175,"20.27","4","t",".27"
"1176","40",1176,"40.27","9","e",".27"
"1177","17",1177,"17.27","1","t",".27"
"1178","6",1178,"6.27","5","n",".27"
"1179","29",1179,"29.27","13","t",".27"
"1180","16",1180,"16.27","0","t",".27"
"1181","7",1181,"7.27","6","n",".27"
"1182","22",1182,"22.27","6","t",".27"
"1183","32",1183,"32.27","1","e",".27"
"1184","44",1184,"44.27","13","e",".27"
"1185","31",1185,"31.27","0","e",".27"
"1186","42",1186,"42.27","11","e",".27"
"1187","5",1187,"5.27","4","n",".27"
"1188","3",1188,"3.27","2","n",".27"
"1189","10",1189,"10.27","9","n",".27"
"1190","1",1190,"1.27","0","n",".27"
"1191","30",1191,"30.27","14","t",".27"
"1192","38",1192,"38.27","7","e",".27"
"1193","39",1193,"39.27","8","e",".27"
"1194","28",1194,"28.27","12","t",".27"
"1195","4",1195,"4.27","3","n",".27"
"1196","43",1196,"43.27","12","e",".27"
"1197","41",1197,"41.27","10","e",".27"
"1198","27",1198,"27.27","11","t",".27"
"1199","26",1199,"26.27","10","t",".27"
"1200","13",1200,"13.27","12","n",".27"
"1201","21",1201,"21.27","5","t",".27"
"1202","23",1202,"23.27","7","t",".27"
"1203","8",1203,"8.27","7","n",".27"
"1204","15",1204,"15.27","14","n",".27"
"1205","34",1205,"34.27","3","e",".27"
"1206","18",1206,"18.27","2","t",".27"
"1207","12",1207,"12.27","11","n",".27"
"1208","36",1208,"36.27","5","e",".27"
"1209","33",1209,"33.27","2","e",".27"
"1210","37",1210,"37.27","6","e",".27"
"1211","24",1211,"24.27","8","t",".27"
"1212","25",1212,"25.27","9","t",".27"
"1213","11",1213,"11.27","10","n",".27"
"1214","19",1214,"19.27","3","t",".27"
"1215","2",1215,"2.27","1","n",".27"
"1216","7",1216,"7.28","6","n",".28"
"1217","37",1217,"37.28","6","e",".28"
"1218","33",1218,"33.28","2","e",".28"
"1219","34",1219,"34.28","3","e",".28"
"1220","15",1220,"15.28","14","n",".28"
"1221","24",1221,"24.28","8","t",".28"
"1222","31",1222,"31.28","0","e",".28"
"1223","16",1223,"16.28","0","t",".28"
"1224","40",1224,"40.28","9","e",".28"
"1225","44",1225,"44.28","13","e",".28"
"1226","17",1226,"17.28","1","t",".28"
"1227","2",1227,"2.28","1","n",".28"
"1228","36",1228,"36.28","5","e",".28"
"1229","10",1229,"10.28","9","n",".28"
"1230","23",1230,"23.28","7","t",".28"
"1231","38",1231,"38.28","7","e",".28"
"1232","18",1232,"18.28","2","t",".28"
"1233","45",1233,"45.28","14","e",".28"
"1234","3",1234,"3.28","2","n",".28"
"1235","30",1235,"30.28","14","t",".28"
"1236","12",1236,"12.28","11","n",".28"
"1237","41",1237,"41.28","10","e",".28"
"1238","21",1238,"21.28","5","t",".28"
"1239","8",1239,"8.28","7","n",".28"
"1240","6",1240,"6.28","5","n",".28"
"1241","9",1241,"9.28","8","n",".28"
"1242","4",1242,"4.28","3","n",".28"
"1243","27",1243,"27.28","11","t",".28"
"1244","39",1244,"39.28","8","e",".28"
"1245","5",1245,"5.28","4","n",".28"
"1246","14",1246,"14.28","13","n",".28"
"1247","29",1247,"29.28","13","t",".28"
"1248","22",1248,"22.28","6","t",".28"
"1249","42",1249,"42.28","11","e",".28"
"1250","43",1250,"43.28","12","e",".28"
"1251","11",1251,"11.28","10","n",".28"
"1252","19",1252,"19.28","3","t",".28"
"1253","13",1253,"13.28","12","n",".28"
"1254","35",1254,"35.28","4","e",".28"
"1255","28",1255,"28.28","12","t",".28"
"1256","25",1256,"25.28","9","t",".28"
"1257","32",1257,"32.28","1","e",".28"
"1258","20",1258,"20.28","4","t",".28"
"1259","26",1259,"26.28","10","t",".28"
"1260","1",1260,"1.28","0","n",".28"
"1261","2",1261,"2.29","1","n",".29"
"1262","27",1262,"27.29","11","t",".29"
"1263","33",1263,"33.29","2","e",".29"
"1264","34",1264,"34.29","3","e",".29"
"1265","6",1265,"6.29","5","n",".29"
"1266","10",1266,"10.29","9","n",".29"
"1267","12",1267,"12.29","11","n",".29"
"1268","28",1268,"28.29","12","t",".29"
"1269","19",1269,"19.29","3","t",".29"
"1270","5",1270,"5.29","4","n",".29"
"1271","37",1271,"37.29","6","e",".29"
"1272","44",1272,"44.29","13","e",".29"
"1273","38",1273,"38.29","7","e",".29"
"1274","7",1274,"7.29","6","n",".29"
"1275","23",1275,"23.29","7","t",".29"
"1276","35",1276,"35.29","4","e",".29"
"1277","13",1277,"13.29","12","n",".29"
"1278","25",1278,"25.29","9","t",".29"
"1279","39",1279,"39.29","8","e",".29"
"1280","20",1280,"20.29","4","t",".29"
"1281","36",1281,"36.29","5","e",".29"
"1282","21",1282,"21.29","5","t",".29"
"1283","30",1283,"30.29","14","t",".29"
"1284","1",1284,"1.29","0","n",".29"
"1285","22",1285,"22.29","6","t",".29"
"1286","9",1286,"9.29","8","n",".29"
"1287","29",1287,"29.29","13","t",".29"
"1288","31",1288,"31.29","0","e",".29"
"1289","16",1289,"16.29","0","t",".29"
"1290","11",1290,"11.29","10","n",".29"
"1291","32",1291,"32.29","1","e",".29"
"1292","41",1292,"41.29","10","e",".29"
"1293","18",1293,"18.29","2","t",".29"
"1294","43",1294,"43.29","12","e",".29"
"1295","40",1295,"40.29","9","e",".29"
"1296","26",1296,"26.29","10","t",".29"
"1297","45",1297,"45.29","14","e",".29"
"1298","17",1298,"17.29","1","t",".29"
"1299","3",1299,"3.29","2","n",".29"
"1300","14",1300,"14.29","13","n",".29"
"1301","24",1301,"24.29","8","t",".29"
"1302","15",1302,"15.29","14","n",".29"
"1303","4",1303,"4.29","3","n",".29"
"1304","8",1304,"8.29","7","n",".29"
"1305","42",1305,"42.29","11","e",".29"
"1306","20",1306,"20.30","4","t",".30"
"1307","40",1307,"40.30","9","e",".30"
"1308","29",1308,"29.30","13","t",".30"
"1309","17",1309,"17.30","1","t",".30"
"1310","44",1310,"44.30","13","e",".30"
"1311","33",1311,"33.30","2","e",".30"
"1312","19",1312,"19.30","3","t",".30"
"1313","32",1313,"32.30","1","e",".30"
"1314","21",1314,"21.30","5","t",".30"
"1315","37",1315,"37.30","6","e",".30"
"1316","22",1316,"22.30","6","t",".30"
"1317","23",1317,"23.30","7","t",".30"
"1318","6",1318,"6.30","5","n",".30"
"1319","4",1319,"4.30","3","n",".30"
"1320","18",1320,"18.30","2","t",".30"
"1321","11",1321,"11.30","10","n",".30"
"1322","30",1322,"30.30","14","t",".30"
"1323","31",1323,"31.30","0","e",".30"
"1324","36",1324,"36.30","5","e",".30"
"1325","34",1325,"34.30","3","e",".30"
"1326","41",1326,"41.30","10","e",".30"
"1327","42",1327,"42.30","11","e",".30"
"1328","15",1328,"15.30","14","n",".30"
"1329","1",1329,"1.30","0","n",".30"
"1330","45",1330,"45.30","14","e",".30"
"1331","2",1331,"2.30","1","n",".30"
"1332","3",1332,"3.30","2","n",".30"
"1333","24",1333,"24.30","8","t",".30"
"1334","43",1334,"43.30","12","e",".30"
"1335","35",1335,"35.30","4","e",".30"
"1336","7",1336,"7.30","6","n",".30"
"1337","10",1337,"10.30","9","n",".30"
"1338","27",1338,"27.30","11","t",".30"
"1339","14",1339,"14.30","13","n",".30"
"1340","38",1340,"38.30","7","e",".30"
"1341","26",1341,"26.30","10","t",".30"
"1342","12",1342,"12.30","11","n",".30"
"1343","9",1343,"9.30","8","n",".30"
"1344","25",1344,"25.30","9","t",".30"
"1345","28",1345,"28.30","12","t",".30"
"1346","39",1346,"39.30","8","e",".30"
"1347","8",1347,"8.30","7","n",".30"
"1348","5",1348,"5.30","4","n",".30"
"1349","13",1349,"13.30","12","n",".30"
"1350","16",1350,"16.30","0","t",".30"
"1351","8",1351,"8.31","7","n",".31"
"1352","11",1352,"11.31","10","n",".31"
"1353","6",1353,"6.31","5","n",".31"
"1354","39",1354,"39.31","8","e",".31"
"1355","17",1355,"17.31","1","t",".31"
"1356","19",1356,"19.31","3","t",".31"
"1357","44",1357,"44.31","13","e",".31"
"1358","13",1358,"13.31","12","n",".31"
"1359","18",1359,"18.31","2","t",".31"
"1360","30",1360,"30.31","14","t",".31"
"1361","14",1361,"14.31","13","n",".31"
"1362","5",1362,"5.31","4","n",".31"
"1363","32",1363,"32.31","1","e",".31"
"1364","3",1364,"3.31","2","n",".31"
"1365","45",1365,"45.31","14","e",".31"
"1366","33",1366,"33.31","2","e",".31"
"1367","24",1367,"24.31","8","t",".31"
"1368","42",1368,"42.31","11","e",".31"
"1369","25",1369,"25.31","9","t",".31"
"1370","16",1370,"16.31","0","t",".31"
"1371","10",1371,"10.31","9","n",".31"
"1372","29",1372,"29.31","13","t",".31"
"1373","15",1373,"15.31","14","n",".31"
"1374","12",1374,"12.31","11","n",".31"
"1375","7",1375,"7.31","6","n",".31"
"1376","40",1376,"40.31","9","e",".31"
"1377","43",1377,"43.31","12","e",".31"
"1378","23",1378,"23.31","7","t",".31"
"1379","21",1379,"21.31","5","t",".31"
"1380","34",1380,"34.31","3","e",".31"
"1381","2",1381,"2.31","1","n",".31"
"1382","31",1382,"31.31","0","e",".31"
"1383","38",1383,"38.31","7","e",".31"
"1384","20",1384,"20.31","4","t",".31"
"1385","26",1385,"26.31","10","t",".31"
"1386","9",1386,"9.31","8","n",".31"
"1387","1",1387,"1.31","0","n",".31"
"1388","27",1388,"27.31","11","t",".31"
"1389","36",1389,"36.31","5","e",".31"
"1390","35",1390,"35.31","4","e",".31"
"1391","37",1391,"37.31","6","e",".31"
"1392","22",1392,"22.31","6","t",".31"
"1393","4",1393,"4.31","3","n",".31"
"1394","28",1394,"28.31","12","t",".31"
"1395","41",1395,"41.31","10","e",".31"
"1396","12",1396,"12.32","11","n",".32"
"1397","25",1397,"25.32","9","t",".32"
"1398","6",1398,"6.32","5","n",".32"
"1399","15",1399,"15.32","14","n",".32"
"1400","21",1400,"21.32","5","t",".32"
"1401","43",1401,"43.32","12","e",".32"
"1402","36",1402,"36.32","5","e",".32"
"1403","41",1403,"41.32","10","e",".32"
"1404","8",1404,"8.32","7","n",".32"
"1405","3",1405,"3.32","2","n",".32"
"1406","23",1406,"23.32","7","t",".32"
"1407","7",1407,"7.32","6","n",".32"
"1408","26",1408,"26.32","10","t",".32"
"1409","32",1409,"32.32","1","e",".32"
"1410","22",1410,"22.32","6","t",".32"
"1411","40",1411,"40.32","9","e",".32"
"1412","2",1412,"2.32","1","n",".32"
"1413","9",1413,"9.32","8","n",".32"
"1414","39",1414,"39.32","8","e",".32"
"1415","1",1415,"1.32","0","n",".32"
"1416","34",1416,"34.32","3","e",".32"
"1417","5",1417,"5.32","4","n",".32"
"1418","27",1418,"27.32","11","t",".32"
"1419","17",1419,"17.32","1","t",".32"
"1420","31",1420,"31.32","0","e",".32"
"1421","10",1421,"10.32","9","n",".32"
"1422","18",1422,"18.32","2","t",".32"
"1423","38",1423,"38.32","7","e",".32"
"1424","4",1424,"4.32","3","n",".32"
"1425","24",1425,"24.32","8","t",".32"
"1426","44",1426,"44.32","13","e",".32"
"1427","28",1427,"28.32","12","t",".32"
"1428","20",1428,"20.32","4","t",".32"
"1429","11",1429,"11.32","10","n",".32"
"1430","19",1430,"19.32","3","t",".32"
"1431","45",1431,"45.32","14","e",".32"
"1432","13",1432,"13.32","12","n",".32"
"1433","14",1433,"14.32","13","n",".32"
"1434","42",1434,"42.32","11","e",".32"
"1435","33",1435,"33.32","2","e",".32"
"1436","35",1436,"35.32","4","e",".32"
"1437","37",1437,"37.32","6","e",".32"
"1438","16",1438,"16.32","0","t",".32"
"1439","29",1439,"29.32","13","t",".32"
"1440","30",1440,"30.32","14","t",".32"
"1441","16",1441,"16.33","0","t",".33"
"1442","41",1442,"41.33","10","e",".33"
"1443","6",1443,"6.33","5","n",".33"
"1444","25",1444,"25.33","9","t",".33"
"1445","20",1445,"20.33","4","t",".33"
"1446","11",1446,"11.33","10","n",".33"
"1447","3",1447,"3.33","2","n",".33"
"1448","35",1448,"35.33","4","e",".33"
"1449","28",1449,"28.33","12","t",".33"
"1450","14",1450,"14.33","13","n",".33"
"1451","27",1451,"27.33","11","t",".33"
"1452","17",1452,"17.33","1","t",".33"
"1453","7",1453,"7.33","6","n",".33"
"1454","31",1454,"31.33","0","e",".33"
"1455","12",1455,"12.33","11","n",".33"
"1456","30",1456,"30.33","14","t",".33"
"1457","15",1457,"15.33","14","n",".33"
"1458","4",1458,"4.33","3","n",".33"
"1459","8",1459,"8.33","7","n",".33"
"1460","5",1460,"5.33","4","n",".33"
"1461","9",1461,"9.33","8","n",".33"
"1462","37",1462,"37.33","6","e",".33"
"1463","21",1463,"21.33","5","t",".33"
"1464","44",1464,"44.33","13","e",".33"
"1465","1",1465,"1.33","0","n",".33"
"1466","19",1466,"19.33","3","t",".33"
"1467","18",1467,"18.33","2","t",".33"
"1468","33",1468,"33.33","2","e",".33"
"1469","10",1469,"10.33","9","n",".33"
"1470","39",1470,"39.33","8","e",".33"
"1471","32",1471,"32.33","1","e",".33"
"1472","13",1472,"13.33","12","n",".33"
"1473","45",1473,"45.33","14","e",".33"
"1474","36",1474,"36.33","5","e",".33"
"1475","26",1475,"26.33","10","t",".33"
"1476","40",1476,"40.33","9","e",".33"
"1477","23",1477,"23.33","7","t",".33"
"1478","43",1478,"43.33","12","e",".33"
"1479","22",1479,"22.33","6","t",".33"
"1480","42",1480,"42.33","11","e",".33"
"1481","2",1481,"2.33","1","n",".33"
"1482","24",1482,"24.33","8","t",".33"
"1483","29",1483,"29.33","13","t",".33"
"1484","38",1484,"38.33","7","e",".33"
"1485","34",1485,"34.33","3","e",".33"
"1486","12",1486,"12.34","11","n",".34"
"1487","40",1487,"40.34","9","e",".34"
"1488","3",1488,"3.34","2","n",".34"
"1489","14",1489,"14.34","13","n",".34"
"1490","6",1490,"6.34","5","n",".34"
"1491","1",1491,"1.34","0","n",".34"
"1492","13",1492,"13.34","12","n",".34"
"1493","41",1493,"41.34","10","e",".34"
"1494","5",1494,"5.34","4","n",".34"
"1495","34",1495,"34.34","3","e",".34"
"1496","31",1496,"31.34","0","e",".34"
"1497","9",1497,"9.34","8","n",".34"
"1498","24",1498,"24.34","8","t",".34"
"1499","42",1499,"42.34","11","e",".34"
"1500","15",1500,"15.34","14","n",".34"
"1501","21",1501,"21.34","5","t",".34"
"1502","7",1502,"7.34","6","n",".34"
"1503","26",1503,"26.34","10","t",".34"
"1504","32",1504,"32.34","1","e",".34"
"1505","29",1505,"29.34","13","t",".34"
"1506","19",1506,"19.34","3","t",".34"
"1507","36",1507,"36.34","5","e",".34"
"1508","18",1508,"18.34","2","t",".34"
"1509","30",1509,"30.34","14","t",".34"
"1510","33",1510,"33.34","2","e",".34"
"1511","8",1511,"8.34","7","n",".34"
"1512","43",1512,"43.34","12","e",".34"
"1513","25",1513,"25.34","9","t",".34"
"1514","22",1514,"22.34","6","t",".34"
"1515","35",1515,"35.34","4","e",".34"
"1516","23",1516,"23.34","7","t",".34"
"1517","16",1517,"16.34","0","t",".34"
"1518","17",1518,"17.34","1","t",".34"
"1519","10",1519,"10.34","9","n",".34"
"1520","4",1520,"4.34","3","n",".34"
"1521","39",1521,"39.34","8","e",".34"
"1522","37",1522,"37.34","6","e",".34"
"1523","28",1523,"28.34","12","t",".34"
"1524","44",1524,"44.34","13","e",".34"
"1525","27",1525,"27.34","11","t",".34"
"1526","20",1526,"20.34","4","t",".34"
"1527","45",1527,"45.34","14","e",".34"
"1528","38",1528,"38.34","7","e",".34"
"1529","2",1529,"2.34","1","n",".34"
"1530","11",1530,"11.34","10","n",".34"
"1531","11",1531,"11.35","10","n",".35"
"1532","2",1532,"2.35","1","n",".35"
"1533","35",1533,"35.35","4","e",".35"
"1534","29",1534,"29.35","13","t",".35"
"1535","5",1535,"5.35","4","n",".35"
"1536","37",1536,"37.35","6","e",".35"
"1537","18",1537,"18.35","2","t",".35"
"1538","7",1538,"7.35","6","n",".35"
"1539","30",1539,"30.35","14","t",".35"
"1540","15",1540,"15.35","14","n",".35"
"1541","42",1541,"42.35","11","e",".35"
"1542","6",1542,"6.35","5","n",".35"
"1543","25",1543,"25.35","9","t",".35"
"1544","45",1544,"45.35","14","e",".35"
"1545","41",1545,"41.35","10","e",".35"
"1546","32",1546,"32.35","1","e",".35"
"1547","24",1547,"24.35","8","t",".35"
"1548","14",1548,"14.35","13","n",".35"
"1549","20",1549,"20.35","4","t",".35"
"1550","4",1550,"4.35","3","n",".35"
"1551","13",1551,"13.35","12","n",".35"
"1552","9",1552,"9.35","8","n",".35"
"1553","40",1553,"40.35","9","e",".35"
"1554","21",1554,"21.35","5","t",".35"
"1555","36",1555,"36.35","5","e",".35"
"1556","12",1556,"12.35","11","n",".35"
"1557","39",1557,"39.35","8","e",".35"
"1558","19",1558,"19.35","3","t",".35"
"1559","44",1559,"44.35","13","e",".35"
"1560","1",1560,"1.35","0","n",".35"
"1561","33",1561,"33.35","2","e",".35"
"1562","3",1562,"3.35","2","n",".35"
"1563","28",1563,"28.35","12","t",".35"
"1564","8",1564,"8.35","7","n",".35"
"1565","27",1565,"27.35","11","t",".35"
"1566","31",1566,"31.35","0","e",".35"
"1567","22",1567,"22.35","6","t",".35"
"1568","38",1568,"38.35","7","e",".35"
"1569","10",1569,"10.35","9","n",".35"
"1570","43",1570,"43.35","12","e",".35"
"1571","16",1571,"16.35","0","t",".35"
"1572","26",1572,"26.35","10","t",".35"
"1573","17",1573,"17.35","1","t",".35"
"1574","23",1574,"23.35","7","t",".35"
"1575","34",1575,"34.35","3","e",".35"
"1576","37",1576,"37.36","6","e",".36"
"1577","44",1577,"44.36","13","e",".36"
"1578","23",1578,"23.36","7","t",".36"
"1579","26",1579,"26.36","10","t",".36"
"1580","17",1580,"17.36","1","t",".36"
"1581","32",1581,"32.36","1","e",".36"
"1582","4",1582,"4.36","3","n",".36"
"1583","41",1583,"41.36","10","e",".36"
"1584","3",1584,"3.36","2","n",".36"
"1585","27",1585,"27.36","11","t",".36"
"1586","22",1586,"22.36","6","t",".36"
"1587","19",1587,"19.36","3","t",".36"
"1588","6",1588,"6.36","5","n",".36"
"1589","29",1589,"29.36","13","t",".36"
"1590","1",1590,"1.36","0","n",".36"
"1591","15",1591,"15.36","14","n",".36"
"1592","24",1592,"24.36","8","t",".36"
"1593","31",1593,"31.36","0","e",".36"
"1594","30",1594,"30.36","14","t",".36"
"1595","21",1595,"21.36","5","t",".36"
"1596","33",1596,"33.36","2","e",".36"
"1597","42",1597,"42.36","11","e",".36"
"1598","35",1598,"35.36","4","e",".36"
"1599","13",1599,"13.36","12","n",".36"
"1600","12",1600,"12.36","11","n",".36"
"1601","36",1601,"36.36","5","e",".36"
"1602","9",1602,"9.36","8","n",".36"
"1603","7",1603,"7.36","6","n",".36"
"1604","18",1604,"18.36","2","t",".36"
"1605","2",1605,"2.36","1","n",".36"
"1606","39",1606,"39.36","8","e",".36"
"1607","16",1607,"16.36","0","t",".36"
"1608","28",1608,"28.36","12","t",".36"
"1609","14",1609,"14.36","13","n",".36"
"1610","20",1610,"20.36","4","t",".36"
"1611","8",1611,"8.36","7","n",".36"
"1612","45",1612,"45.36","14","e",".36"
"1613","25",1613,"25.36","9","t",".36"
"1614","43",1614,"43.36","12","e",".36"
"1615","11",1615,"11.36","10","n",".36"
"1616","38",1616,"38.36","7","e",".36"
"1617","5",1617,"5.36","4","n",".36"
"1618","40",1618,"40.36","9","e",".36"
"1619","10",1619,"10.36","9","n",".36"
"1620","34",1620,"34.36","3","e",".36"
"1621","20",1621,"20.37","4","t",".37"
"1622","17",1622,"17.37","1","t",".37"
"1623","27",1623,"27.37","11","t",".37"
"1624","28",1624,"28.37","12","t",".37"
"1625","18",1625,"18.37","2","t",".37"
"1626","41",1626,"41.37","10","e",".37"
"1627","12",1627,"12.37","11","n",".37"
"1628","7",1628,"7.37","6","n",".37"
"1629","10",1629,"10.37","9","n",".37"
"1630","5",1630,"5.37","4","n",".37"
"1631","24",1631,"24.37","8","t",".37"
"1632","44",1632,"44.37","13","e",".37"
"1633","38",1633,"38.37","7","e",".37"
"1634","15",1634,"15.37","14","n",".37"
"1635","25",1635,"25.37","9","t",".37"
"1636","1",1636,"1.37","0","n",".37"
"1637","45",1637,"45.37","14","e",".37"
"1638","9",1638,"9.37","8","n",".37"
"1639","39",1639,"39.37","8","e",".37"
"1640","36",1640,"36.37","5","e",".37"
"1641","30",1641,"30.37","14","t",".37"
"1642","16",1642,"16.37","0","t",".37"
"1643","40",1643,"40.37","9","e",".37"
"1644","4",1644,"4.37","3","n",".37"
"1645","22",1645,"22.37","6","t",".37"
"1646","3",1646,"3.37","2","n",".37"
"1647","23",1647,"23.37","7","t",".37"
"1648","42",1648,"42.37","11","e",".37"
"1649","21",1649,"21.37","5","t",".37"
"1650","31",1650,"31.37","0","e",".37"
"1651","29",1651,"29.37","13","t",".37"
"1652","32",1652,"32.37","1","e",".37"
"1653","33",1653,"33.37","2","e",".37"
"1654","13",1654,"13.37","12","n",".37"
"1655","37",1655,"37.37","6","e",".37"
"1656","11",1656,"11.37","10","n",".37"
"1657","6",1657,"6.37","5","n",".37"
"1658","35",1658,"35.37","4","e",".37"
"1659","14",1659,"14.37","13","n",".37"
"1660","8",1660,"8.37","7","n",".37"
"1661","43",1661,"43.37","12","e",".37"
"1662","19",1662,"19.37","3","t",".37"
"1663","34",1663,"34.37","3","e",".37"
"1664","2",1664,"2.37","1","n",".37"
"1665","26",1665,"26.37","10","t",".37"
"1666","29",1666,"29.38","13","t",".38"
"1667","18",1667,"18.38","2","t",".38"
"1668","1",1668,"1.38","0","n",".38"
"1669","24",1669,"24.38","8","t",".38"
"1670","8",1670,"8.38","7","n",".38"
"1671","14",1671,"14.38","13","n",".38"
"1672","3",1672,"3.38","2","n",".38"
"1673","45",1673,"45.38","14","e",".38"
"1674","40",1674,"40.38","9","e",".38"
"1675","36",1675,"36.38","5","e",".38"
"1676","37",1676,"37.38","6","e",".38"
"1677","5",1677,"5.38","4","n",".38"
"1678","41",1678,"41.38","10","e",".38"
"1679","19",1679,"19.38","3","t",".38"
"1680","12",1680,"12.38","11","n",".38"
"1681","2",1681,"2.38","1","n",".38"
"1682","17",1682,"17.38","1","t",".38"
"1683","22",1683,"22.38","6","t",".38"
"1684","9",1684,"9.38","8","n",".38"
"1685","26",1685,"26.38","10","t",".38"
"1686","33",1686,"33.38","2","e",".38"
"1687","16",1687,"16.38","0","t",".38"
"1688","38",1688,"38.38","7","e",".38"
"1689","23",1689,"23.38","7","t",".38"
"1690","15",1690,"15.38","14","n",".38"
"1691","42",1691,"42.38","11","e",".38"
"1692","31",1692,"31.38","0","e",".38"
"1693","30",1693,"30.38","14","t",".38"
"1694","35",1694,"35.38","4","e",".38"
"1695","32",1695,"32.38","1","e",".38"
"1696","10",1696,"10.38","9","n",".38"
"1697","4",1697,"4.38","3","n",".38"
"1698","44",1698,"44.38","13","e",".38"
"1699","39",1699,"39.38","8","e",".38"
"1700","13",1700,"13.38","12","n",".38"
"1701","27",1701,"27.38","11","t",".38"
"1702","7",1702,"7.38","6","n",".38"
"1703","34",1703,"34.38","3","e",".38"
"1704","28",1704,"28.38","12","t",".38"
"1705","43",1705,"43.38","12","e",".38"
"1706","6",1706,"6.38","5","n",".38"
"1707","20",1707,"20.38","4","t",".38"
"1708","11",1708,"11.38","10","n",".38"
"1709","25",1709,"25.38","9","t",".38"
"1710","21",1710,"21.38","5","t",".38"
"1711","8",1711,"8.39","7","n",".39"
"1712","33",1712,"33.39","2","e",".39"
"1713","1",1713,"1.39","0","n",".39"
"1714","25",1714,"25.39","9","t",".39"
"1715","38",1715,"38.39","7","e",".39"
"1716","12",1716,"12.39","11","n",".39"
"1717","10",1717,"10.39","9","n",".39"
"1718","30",1718,"30.39","14","t",".39"
"1719","3",1719,"3.39","2","n",".39"
"1720","20",1720,"20.39","4","t",".39"
"1721","40",1721,"40.39","9","e",".39"
"1722","31",1722,"31.39","0","e",".39"
"1723","6",1723,"6.39","5","n",".39"
"1724","19",1724,"19.39","3","t",".39"
"1725","24",1725,"24.39","8","t",".39"
"1726","4",1726,"4.39","3","n",".39"
"1727","16",1727,"16.39","0","t",".39"
"1728","22",1728,"22.39","6","t",".39"
"1729","15",1729,"15.39","14","n",".39"
"1730","5",1730,"5.39","4","n",".39"
"1731","29",1731,"29.39","13","t",".39"
"1732","27",1732,"27.39","11","t",".39"
"1733","7",1733,"7.39","6","n",".39"
"1734","45",1734,"45.39","14","e",".39"
"1735","36",1735,"36.39","5","e",".39"
"1736","43",1736,"43.39","12","e",".39"
"1737","34",1737,"34.39","3","e",".39"
"1738","14",1738,"14.39","13","n",".39"
"1739","41",1739,"41.39","10","e",".39"
"1740","2",1740,"2.39","1","n",".39"
"1741","26",1741,"26.39","10","t",".39"
"1742","32",1742,"32.39","1","e",".39"
"1743","17",1743,"17.39","1","t",".39"
"1744","9",1744,"9.39","8","n",".39"
"1745","11",1745,"11.39","10","n",".39"
"1746","18",1746,"18.39","2","t",".39"
"1747","13",1747,"13.39","12","n",".39"
"1748","44",1748,"44.39","13","e",".39"
"1749","42",1749,"42.39","11","e",".39"
"1750","28",1750,"28.39","12","t",".39"
"1751","21",1751,"21.39","5","t",".39"
"1752","37",1752,"37.39","6","e",".39"
"1753","35",1753,"35.39","4","e",".39"
"1754","39",1754,"39.39","8","e",".39"
"1755","23",1755,"23.39","7","t",".39"
"1756","33",1756,"33.40","2","e",".40"
"1757","39",1757,"39.40","8","e",".40"
"1758","45",1758,"45.40","14","e",".40"
"1759","26",1759,"26.40","10","t",".40"
"1760","41",1760,"41.40","10","e",".40"
"1761","1",1761,"1.40","0","n",".40"
"1762","34",1762,"34.40","3","e",".40"
"1763","30",1763,"30.40","14","t",".40"
"1764","40",1764,"40.40","9","e",".40"
"1765","4",1765,"4.40","3","n",".40"
"1766","9",1766,"9.40","8","n",".40"
"1767","43",1767,"43.40","12","e",".40"
"1768","23",1768,"23.40","7","t",".40"
"1769","6",1769,"6.40","5","n",".40"
"1770","2",1770,"2.40","1","n",".40"
"1771","38",1771,"38.40","7","e",".40"
"1772","18",1772,"18.40","2","t",".40"
"1773","15",1773,"15.40","14","n",".40"
"1774","42",1774,"42.40","11","e",".40"
"1775","27",1775,"27.40","11","t",".40"
"1776","16",1776,"16.40","0","t",".40"
"1777","12",1777,"12.40","11","n",".40"
"1778","24",1778,"24.40","8","t",".40"
"1779","5",1779,"5.40","4","n",".40"
"1780","31",1780,"31.40","0","e",".40"
"1781","3",1781,"3.40","2","n",".40"
"1782","11",1782,"11.40","10","n",".40"
"1783","44",1783,"44.40","13","e",".40"
"1784","28",1784,"28.40","12","t",".40"
"1785","22",1785,"22.40","6","t",".40"
"1786","10",1786,"10.40","9","n",".40"
"1787","21",1787,"21.40","5","t",".40"
"1788","13",1788,"13.40","12","n",".40"
"1789","7",1789,"7.40","6","n",".40"
"1790","14",1790,"14.40","13","n",".40"
"1791","36",1791,"36.40","5","e",".40"
"1792","19",1792,"19.40","3","t",".40"
"1793","35",1793,"35.40","4","e",".40"
"1794","32",1794,"32.40","1","e",".40"
"1795","29",1795,"29.40","13","t",".40"
"1796","20",1796,"20.40","4","t",".40"
"1797","17",1797,"17.40","1","t",".40"
"1798","25",1798,"25.40","9","t",".40"
"1799","8",1799,"8.40","7","n",".40"
"1800","37",1800,"37.40","6","e",".40"
"1801","28",1801,"28.41","12","t",".41"
"1802","37",1802,"37.41","6","e",".41"
"1803","27",1803,"27.41","11","t",".41"
"1804","2",1804,"2.41","1","n",".41"
"1805","45",1805,"45.41","14","e",".41"
"1806","35",1806,"35.41","4","e",".41"
"1807","38",1807,"38.41","7","e",".41"
"1808","39",1808,"39.41","8","e",".41"
"1809","19",1809,"19.41","3","t",".41"
"1810","14",1810,"14.41","13","n",".41"
"1811","18",1811,"18.41","2","t",".41"
"1812","1",1812,"1.41","0","n",".41"
"1813","26",1813,"26.41","10","t",".41"
"1814","8",1814,"8.41","7","n",".41"
"1815","32",1815,"32.41","1","e",".41"
"1816","41",1816,"41.41","10","e",".41"
"1817","34",1817,"34.41","3","e",".41"
"1818","10",1818,"10.41","9","n",".41"
"1819","6",1819,"6.41","5","n",".41"
"1820","13",1820,"13.41","12","n",".41"
"1821","25",1821,"25.41","9","t",".41"
"1822","22",1822,"22.41","6","t",".41"
"1823","23",1823,"23.41","7","t",".41"
"1824","15",1824,"15.41","14","n",".41"
"1825","40",1825,"40.41","9","e",".41"
"1826","3",1826,"3.41","2","n",".41"
"1827","11",1827,"11.41","10","n",".41"
"1828","4",1828,"4.41","3","n",".41"
"1829","5",1829,"5.41","4","n",".41"
"1830","24",1830,"24.41","8","t",".41"
"1831","44",1831,"44.41","13","e",".41"
"1832","16",1832,"16.41","0","t",".41"
"1833","9",1833,"9.41","8","n",".41"
"1834","33",1834,"33.41","2","e",".41"
"1835","36",1835,"36.41","5","e",".41"
"1836","30",1836,"30.41","14","t",".41"
"1837","29",1837,"29.41","13","t",".41"
"1838","21",1838,"21.41","5","t",".41"
"1839","7",1839,"7.41","6","n",".41"
"1840","31",1840,"31.41","0","e",".41"
"1841","20",1841,"20.41","4","t",".41"
"1842","17",1842,"17.41","1","t",".41"
"1843","42",1843,"42.41","11","e",".41"
"1844","12",1844,"12.41","11","n",".41"
"1845","43",1845,"43.41","12","e",".41"
"1846","22",1846,"22.42","6","t",".42"
"1847","3",1847,"3.42","2","n",".42"
"1848","7",1848,"7.42","6","n",".42"
"1849","41",1849,"41.42","10","e",".42"
"1850","16",1850,"16.42","0","t",".42"
"1851","13",1851,"13.42","12","n",".42"
"1852","42",1852,"42.42","11","e",".42"
"1853","14",1853,"14.42","13","n",".42"
"1854","39",1854,"39.42","8","e",".42"
"1855","44",1855,"44.42","13","e",".42"
"1856","11",1856,"11.42","10","n",".42"
"1857","32",1857,"32.42","1","e",".42"
"1858","27",1858,"27.42","11","t",".42"
"1859","10",1859,"10.42","9","n",".42"
"1860","31",1860,"31.42","0","e",".42"
"1861","18",1861,"18.42","2","t",".42"
"1862","4",1862,"4.42","3","n",".42"
"1863","12",1863,"12.42","11","n",".42"
"1864","6",1864,"6.42","5","n",".42"
"1865","28",1865,"28.42","12","t",".42"
"1866","23",1866,"23.42","7","t",".42"
"1867","8",1867,"8.42","7","n",".42"
"1868","29",1868,"29.42","13","t",".42"
"1869","40",1869,"40.42","9","e",".42"
"1870","5",1870,"5.42","4","n",".42"
"1871","20",1871,"20.42","4","t",".42"
"1872","19",1872,"19.42","3","t",".42"
"1873","33",1873,"33.42","2","e",".42"
"1874","25",1874,"25.42","9","t",".42"
"1875","9",1875,"9.42","8","n",".42"
"1876","37",1876,"37.42","6","e",".42"
"1877","24",1877,"24.42","8","t",".42"
"1878","1",1878,"1.42","0","n",".42"
"1879","17",1879,"17.42","1","t",".42"
"1880","30",1880,"30.42","14","t",".42"
"1881","34",1881,"34.42","3","e",".42"
"1882","2",1882,"2.42","1","n",".42"
"1883","43",1883,"43.42","12","e",".42"
"1884","35",1884,"35.42","4","e",".42"
"1885","15",1885,"15.42","14","n",".42"
"1886","21",1886,"21.42","5","t",".42"
"1887","45",1887,"45.42","14","e",".42"
"1888","38",1888,"38.42","7","e",".42"
"1889","36",1889,"36.42","5","e",".42"
"1890","26",1890,"26.42","10","t",".42"
"1891","28",1891,"28.43","12","t",".43"
"1892","9",1892,"9.43","8","n",".43"
"1893","1",1893,"1.43","0","n",".43"
"1894","44",1894,"44.43","13","e",".43"
"1895","3",1895,"3.43","2","n",".43"
"1896","40",1896,"40.43","9","e",".43"
"1897","5",1897,"5.43","4","n",".43"
"1898","10",1898,"10.43","9","n",".43"
"1899","19",1899,"19.43","3","t",".43"
"1900","24",1900,"24.43","8","t",".43"
"1901","22",1901,"22.43","6","t",".43"
"1902","4",1902,"4.43","3","n",".43"
"1903","25",1903,"25.43","9","t",".43"
"1904","38",1904,"38.43","7","e",".43"
"1905","20",1905,"20.43","4","t",".43"
"1906","13",1906,"13.43","12","n",".43"
"1907","18",1907,"18.43","2","t",".43"
"1908","21",1908,"21.43","5","t",".43"
"1909","17",1909,"17.43","1","t",".43"
"1910","8",1910,"8.43","7","n",".43"
"1911","2",1911,"2.43","1","n",".43"
"1912","26",1912,"26.43","10","t",".43"
"1913","43",1913,"43.43","12","e",".43"
"1914","32",1914,"32.43","1","e",".43"
"1915","35",1915,"35.43","4","e",".43"
"1916","14",1916,"14.43","13","n",".43"
"1917","15",1917,"15.43","14","n",".43"
"1918","7",1918,"7.43","6","n",".43"
"1919","33",1919,"33.43","2","e",".43"
"1920","12",1920,"12.43","11","n",".43"
"1921","30",1921,"30.43","14","t",".43"
"1922","6",1922,"6.43","5","n",".43"
"1923","23",1923,"23.43","7","t",".43"
"1924","36",1924,"36.43","5","e",".43"
"1925","34",1925,"34.43","3","e",".43"
"1926","27",1926,"27.43","11","t",".43"
"1927","39",1927,"39.43","8","e",".43"
"1928","41",1928,"41.43","10","e",".43"
"1929","37",1929,"37.43","6","e",".43"
"1930","11",1930,"11.43","10","n",".43"
"1931","45",1931,"45.43","14","e",".43"
"1932","42",1932,"42.43","11","e",".43"
"1933","29",1933,"29.43","13","t",".43"
"1934","16",1934,"16.43","0","t",".43"
"1935","31",1935,"31.43","0","e",".43"
"1936","27",1936,"27.44","11","t",".44"
"1937","7",1937,"7.44","6","n",".44"
"1938","40",1938,"40.44","9","e",".44"
"1939","2",1939,"2.44","1","n",".44"
"1940","32",1940,"32.44","1","e",".44"
"1941","29",1941,"29.44","13","t",".44"
"1942","14",1942,"14.44","13","n",".44"
"1943","41",1943,"41.44","10","e",".44"
"1944","18",1944,"18.44","2","t",".44"
"1945","5",1945,"5.44","4","n",".44"
"1946","16",1946,"16.44","0","t",".44"
"1947","10",1947,"10.44","9","n",".44"
"1948","13",1948,"13.44","12","n",".44"
"1949","12",1949,"12.44","11","n",".44"
"1950","25",1950,"25.44","9","t",".44"
"1951","17",1951,"17.44","1","t",".44"
"1952","11",1952,"11.44","10","n",".44"
"1953","36",1953,"36.44","5","e",".44"
"1954","31",1954,"31.44","0","e",".44"
"1955","26",1955,"26.44","10","t",".44"
"1956","20",1956,"20.44","4","t",".44"
"1957","3",1957,"3.44","2","n",".44"
"1958","35",1958,"35.44","4","e",".44"
"1959","15",1959,"15.44","14","n",".44"
"1960","6",1960,"6.44","5","n",".44"
"1961","1",1961,"1.44","0","n",".44"
"1962","43",1962,"43.44","12","e",".44"
"1963","42",1963,"42.44","11","e",".44"
"1964","4",1964,"4.44","3","n",".44"
"1965","24",1965,"24.44","8","t",".44"
"1966","28",1966,"28.44","12","t",".44"
"1967","9",1967,"9.44","8","n",".44"
"1968","30",1968,"30.44","14","t",".44"
"1969","44",1969,"44.44","13","e",".44"
"1970","21",1970,"21.44","5","t",".44"
"1971","37",1971,"37.44","6","e",".44"
"1972","34",1972,"34.44","3","e",".44"
"1973","38",1973,"38.44","7","e",".44"
"1974","22",1974,"22.44","6","t",".44"
"1975","23",1975,"23.44","7","t",".44"
"1976","19",1976,"19.44","3","t",".44"
"1977","45",1977,"45.44","14","e",".44"
"1978","39",1978,"39.44","8","e",".44"
"1979","33",1979,"33.44","2","e",".44"
"1980","8",1980,"8.44","7","n",".44"
"1981","39",1981,"39.45","8","e",".45"
"1982","34",1982,"34.45","3","e",".45"
"1983","7",1983,"7.45","6","n",".45"
"1984","12",1984,"12.45","11","n",".45"
"1985","23",1985,"23.45","7","t",".45"
"1986","14",1986,"14.45","13","n",".45"
"1987","16",1987,"16.45","0","t",".45"
"1988","35",1988,"35.45","4","e",".45"
"1989","15",1989,"15.45","14","n",".45"
"1990","18",1990,"18.45","2","t",".45"
"1991","2",1991,"2.45","1","n",".45"
"1992","20",1992,"20.45","4","t",".45"
"1993","29",1993,"29.45","13","t",".45"
"1994","41",1994,"41.45","10","e",".45"
"1995","32",1995,"32.45","1","e",".45"
"1996","43",1996,"43.45","12","e",".45"
"1997","36",1997,"36.45","5","e",".45"
"1998","3",1998,"3.45","2","n",".45"
"1999","44",1999,"44.45","13","e",".45"
"2000","40",2000,"40.45","9","e",".45"
"2001","45",2001,"45.45","14","e",".45"
"2002","19",2002,"19.45","3","t",".45"
"2003","30",2003,"30.45","14","t",".45"
"2004","8",2004,"8.45","7","n",".45"
"2005","25",2005,"25.45","9","t",".45"
"2006","10",2006,"10.45","9","n",".45"
"2007","4",2007,"4.45","3","n",".45"
"2008","24",2008,"24.45","8","t",".45"
"2009","21",2009,"21.45","5","t",".45"
"2010","13",2010,"13.45","12","n",".45"
"2011","22",2011,"22.45","6","t",".45"
"2012","33",2012,"33.45","2","e",".45"
"2013","28",2013,"28.45","12","t",".45"
"2014","1",2014,"1.45","0","n",".45"
"2015","31",2015,"31.45","0","e",".45"
"2016","6",2016,"6.45","5","n",".45"
"2017","17",2017,"17.45","1","t",".45"
"2018","9",2018,"9.45","8","n",".45"
"2019","38",2019,"38.45","7","e",".45"
"2020","42",2020,"42.45","11","e",".45"
"2021","5",2021,"5.45","4","n",".45"
"2022","27",2022,"27.45","11","t",".45"
"2023","11",2023,"11.45","10","n",".45"
"2024","26",2024,"26.45","10","t",".45"
"2025","37",2025,"37.45","6","e",".45"
"2026","36",2026,"36.46","5","e",".46"
"2027","22",2027,"22.46","6","t",".46"
"2028","38",2028,"38.46","7","e",".46"
"2029","35",2029,"35.46","4","e",".46"
"2030","20",2030,"20.46","4","t",".46"
"2031","21",2031,"21.46","5","t",".46"
"2032","7",2032,"7.46","6","n",".46"
"2033","37",2033,"37.46","6","e",".46"
"2034","32",2034,"32.46","1","e",".46"
"2035","29",2035,"29.46","13","t",".46"
"2036","42",2036,"42.46","11","e",".46"
"2037","11",2037,"11.46","10","n",".46"
"2038","1",2038,"1.46","0","n",".46"
"2039","15",2039,"15.46","14","n",".46"
"2040","26",2040,"26.46","10","t",".46"
"2041","24",2041,"24.46","8","t",".46"
"2042","3",2042,"3.46","2","n",".46"
"2043","13",2043,"13.46","12","n",".46"
"2044","30",2044,"30.46","14","t",".46"
"2045","12",2045,"12.46","11","n",".46"
"2046","41",2046,"41.46","10","e",".46"
"2047","18",2047,"18.46","2","t",".46"
"2048","14",2048,"14.46","13","n",".46"
"2049","17",2049,"17.46","1","t",".46"
"2050","39",2050,"39.46","8","e",".46"
"2051","25",2051,"25.46","9","t",".46"
"2052","31",2052,"31.46","0","e",".46"
"2053","23",2053,"23.46","7","t",".46"
"2054","28",2054,"28.46","12","t",".46"
"2055","45",2055,"45.46","14","e",".46"
"2056","16",2056,"16.46","0","t",".46"
"2057","43",2057,"43.46","12","e",".46"
"2058","2",2058,"2.46","1","n",".46"
"2059","10",2059,"10.46","9","n",".46"
"2060","19",2060,"19.46","3","t",".46"
"2061","44",2061,"44.46","13","e",".46"
"2062","8",2062,"8.46","7","n",".46"
"2063","5",2063,"5.46","4","n",".46"
"2064","4",2064,"4.46","3","n",".46"
"2065","9",2065,"9.46","8","n",".46"
"2066","40",2066,"40.46","9","e",".46"
"2067","27",2067,"27.46","11","t",".46"
"2068","34",2068,"34.46","3","e",".46"
"2069","6",2069,"6.46","5","n",".46"
"2070","33",2070,"33.46","2","e",".46"
"2071","15",2071,"15.47","14","n",".47"
"2072","12",2072,"12.47","11","n",".47"
"2073","32",2073,"32.47","1","e",".47"
"2074","27",2074,"27.47","11","t",".47"
"2075","35",2075,"35.47","4","e",".47"
"2076","31",2076,"31.47","0","e",".47"
"2077","14",2077,"14.47","13","n",".47"
"2078","8",2078,"8.47","7","n",".47"
"2079","33",2079,"33.47","2","e",".47"
"2080","10",2080,"10.47","9","n",".47"
"2081","41",2081,"41.47","10","e",".47"
"2082","42",2082,"42.47","11","e",".47"
"2083","34",2083,"34.47","3","e",".47"
"2084","20",2084,"20.47","4","t",".47"
"2085","5",2085,"5.47","4","n",".47"
"2086","40",2086,"40.47","9","e",".47"
"2087","29",2087,"29.47","13","t",".47"
"2088","18",2088,"18.47","2","t",".47"
"2089","22",2089,"22.47","6","t",".47"
"2090","25",2090,"25.47","9","t",".47"
"2091","38",2091,"38.47","7","e",".47"
"2092","2",2092,"2.47","1","n",".47"
"2093","19",2093,"19.47","3","t",".47"
"2094","16",2094,"16.47","0","t",".47"
"2095","39",2095,"39.47","8","e",".47"
"2096","1",2096,"1.47","0","n",".47"
"2097","43",2097,"43.47","12","e",".47"
"2098","3",2098,"3.47","2","n",".47"
"2099","13",2099,"13.47","12","n",".47"
"2100","4",2100,"4.47","3","n",".47"
"2101","37",2101,"37.47","6","e",".47"
"2102","21",2102,"21.47","5","t",".47"
"2103","11",2103,"11.47","10","n",".47"
"2104","23",2104,"23.47","7","t",".47"
"2105","44",2105,"44.47","13","e",".47"
"2106","7",2106,"7.47","6","n",".47"
"2107","6",2107,"6.47","5","n",".47"
"2108","17",2108,"17.47","1","t",".47"
"2109","9",2109,"9.47","8","n",".47"
"2110","26",2110,"26.47","10","t",".47"
"2111","30",2111,"30.47","14","t",".47"
"2112","28",2112,"28.47","12","t",".47"
"2113","36",2113,"36.47","5","e",".47"
"2114","24",2114,"24.47","8","t",".47"
"2115","45",2115,"45.47","14","e",".47"
"2116","3",2116,"3.48","2","n",".48"
"2117","21",2117,"21.48","5","t",".48"
"2118","8",2118,"8.48","7","n",".48"
"2119","28",2119,"28.48","12","t",".48"
"2120","10",2120,"10.48","9","n",".48"
"2121","31",2121,"31.48","0","e",".48"
"2122","42",2122,"42.48","11","e",".48"
"2123","6",2123,"6.48","5","n",".48"
"2124","39",2124,"39.48","8","e",".48"
"2125","12",2125,"12.48","11","n",".48"
"2126","19",2126,"19.48","3","t",".48"
"2127","13",2127,"13.48","12","n",".48"
"2128","40",2128,"40.48","9","e",".48"
"2129","26",2129,"26.48","10","t",".48"
"2130","2",2130,"2.48","1","n",".48"
"2131","34",2131,"34.48","3","e",".48"
"2132","23",2132,"23.48","7","t",".48"
"2133","35",2133,"35.48","4","e",".48"
"2134","43",2134,"43.48","12","e",".48"
"2135","33",2135,"33.48","2","e",".48"
"2136","25",2136,"25.48","9","t",".48"
"2137","30",2137,"30.48","14","t",".48"
"2138","14",2138,"14.48","13","n",".48"
"2139","15",2139,"15.48","14","n",".48"
"2140","1",2140,"1.48","0","n",".48"
"2141","37",2141,"37.48","6","e",".48"
"2142","17",2142,"17.48","1","t",".48"
"2143","27",2143,"27.48","11","t",".48"
"2144","22",2144,"22.48","6","t",".48"
"2145","36",2145,"36.48","5","e",".48"
"2146","32",2146,"32.48","1","e",".48"
"2147","20",2147,"20.48","4","t",".48"
"2148","7",2148,"7.48","6","n",".48"
"2149","18",2149,"18.48","2","t",".48"
"2150","11",2150,"11.48","10","n",".48"
"2151","44",2151,"44.48","13","e",".48"
"2152","9",2152,"9.48","8","n",".48"
"2153","5",2153,"5.48","4","n",".48"
"2154","24",2154,"24.48","8","t",".48"
"2155","45",2155,"45.48","14","e",".48"
"2156","29",2156,"29.48","13","t",".48"
"2157","16",2157,"16.48","0","t",".48"
"2158","4",2158,"4.48","3","n",".48"
"2159","38",2159,"38.48","7","e",".48"
"2160","41",2160,"41.48","10","e",".48"
"2161","30",2161,"30.49","14","t",".49"
"2162","31",2162,"31.49","0","e",".49"
"2163","15",2163,"15.49","14","n",".49"
"2164","6",2164,"6.49","5","n",".49"
"2165","37",2165,"37.49","6","e",".49"
"2166","13",2166,"13.49","12","n",".49"
"2167","34",2167,"34.49","3","e",".49"
"2168","39",2168,"39.49","8","e",".49"
"2169","8",2169,"8.49","7","n",".49"
"2170","21",2170,"21.49","5","t",".49"
"2171","44",2171,"44.49","13","e",".49"
"2172","16",2172,"16.49","0","t",".49"
"2173","24",2173,"24.49","8","t",".49"
"2174","29",2174,"29.49","13","t",".49"
"2175","22",2175,"22.49","6","t",".49"
"2176","2",2176,"2.49","1","n",".49"
"2177","7",2177,"7.49","6","n",".49"
"2178","25",2178,"25.49","9","t",".49"
"2179","18",2179,"18.49","2","t",".49"
"2180","26",2180,"26.49","10","t",".49"
"2181","42",2181,"42.49","11","e",".49"
"2182","14",2182,"14.49","13","n",".49"
"2183","38",2183,"38.49","7","e",".49"
"2184","41",2184,"41.49","10","e",".49"
"2185","10",2185,"10.49","9","n",".49"
"2186","27",2186,"27.49","11","t",".49"
"2187","12",2187,"12.49","11","n",".49"
"2188","36",2188,"36.49","5","e",".49"
"2189","35",2189,"35.49","4","e",".49"
"2190","1",2190,"1.49","0","n",".49"
"2191","28",2191,"28.49","12","t",".49"
"2192","33",2192,"33.49","2","e",".49"
"2193","5",2193,"5.49","4","n",".49"
"2194","3",2194,"3.49","2","n",".49"
"2195","32",2195,"32.49","1","e",".49"
"2196","19",2196,"19.49","3","t",".49"
"2197","43",2197,"43.49","12","e",".49"
"2198","20",2198,"20.49","4","t",".49"
"2199","11",2199,"11.49","10","n",".49"
"2200","17",2200,"17.49","1","t",".49"
"2201","45",2201,"45.49","14","e",".49"
"2202","23",2202,"23.49","7","t",".49"
"2203","4",2203,"4.49","3","n",".49"
"2204","40",2204,"40.49","9","e",".49"
"2205","9",2205,"9.49","8","n",".49"
"2206","11",2206,"11.50","10","n",".50"
"2207","29",2207,"29.50","13","t",".50"
"2208","28",2208,"28.50","12","t",".50"
"2209","33",2209,"33.50","2","e",".50"
"2210","25",2210,"25.50","9","t",".50"
"2211","13",2211,"13.50","12","n",".50"
"2212","1",2212,"1.50","0","n",".50"
"2213","37",2213,"37.50","6","e",".50"
"2214","42",2214,"42.50","11","e",".50"
"2215","17",2215,"17.50","1","t",".50"
"2216","18",2216,"18.50","2","t",".50"
"2217","23",2217,"23.50","7","t",".50"
"2218","27",2218,"27.50","11","t",".50"
"2219","15",2219,"15.50","14","n",".50"
"2220","22",2220,"22.50","6","t",".50"
"2221","31",2221,"31.50","0","e",".50"
"2222","40",2222,"40.50","9","e",".50"
"2223","38",2223,"38.50","7","e",".50"
"2224","6",2224,"6.50","5","n",".50"
"2225","21",2225,"21.50","5","t",".50"
"2226","19",2226,"19.50","3","t",".50"
"2227","39",2227,"39.50","8","e",".50"
"2228","41",2228,"41.50","10","e",".50"
"2229","30",2229,"30.50","14","t",".50"
"2230","2",2230,"2.50","1","n",".50"
"2231","3",2231,"3.50","2","n",".50"
"2232","35",2232,"35.50","4","e",".50"
"2233","32",2233,"32.50","1","e",".50"
"2234","12",2234,"12.50","11","n",".50"
"2235","8",2235,"8.50","7","n",".50"
"2236","20",2236,"20.50","4","t",".50"
"2237","9",2237,"9.50","8","n",".50"
"2238","10",2238,"10.50","9","n",".50"
"2239","7",2239,"7.50","6","n",".50"
"2240","44",2240,"44.50","13","e",".50"
"2241","43",2241,"43.50","12","e",".50"
"2242","36",2242,"36.50","5","e",".50"
"2243","5",2243,"5.50","4","n",".50"
"2244","24",2244,"24.50","8","t",".50"
"2245","26",2245,"26.50","10","t",".50"
"2246","16",2246,"16.50","0","t",".50"
"2247","34",2247,"34.50","3","e",".50"
"2248","45",2248,"45.50","14","e",".50"
"2249","4",2249,"4.50","3","n",".50"
"2250","14",2250,"14.50","13","n",".50"
