"prefetch","size","memtyp","temp","app","displaysize","cycles","l3m","l3l"
on,huge,wb,t,memory_load_ind, 32768KB,7.667.065.989,244.958.357,437.788.947
on,huge,wb,t,memory_load_ind, 16384KB,7.054.018.898,217.159.426,430.614.303
on,huge,wb,t,memory_load_ind, 8192KB,3.641.061.715,77.201.492,341.312.067
on,huge,wb,t,memory_load_ind, 4096KB,2.485.780.004,2.702.878,363.487.989
on,huge,wb,t,memory_load_ind, 2048KB,2.447.392.424,58.524,359.828.603
on,huge,wb,t,memory_load_ind, 1024KB,2.439.680.359,41.970,365.488.765
on,huge,wb,t,memory_load_ind, 512KB,2.436.529.737,25.989,364.819.196
on,huge,wb,t,memory_load_ind, 256KB,1.846.160.454,16.994,185.088.601
on,huge,wb,t,memory_load_dep, 32768KB,12.843.395.732,42.948.101,123.138.117
on,huge,wb,t,memory_load_dep, 16384KB,11.914.337.068,38.720.147,105.217.951
on,huge,wb,t,memory_load_dep, 8192KB,9.876.576.821,28.523.380,41.342.578
on,huge,wb,t,memory_load_dep, 4096KB,7.080.090.685,886.822,9.440.522
on,huge,wb,t,memory_load_dep, 2048KB,6.975.910.748,48.230,8.545.565
on,huge,wb,t,memory_load_dep, 1024KB,6.966.556.792,50.455,8.557.992
on,huge,wb,t,memory_load_dep, 512KB,6.957.217.440,40.366,8.579.447
on,huge,wb,t,memory_load_dep, 256KB,6.667.386.508,440.280,5.334.005
on,huge,wb,t,memory_load_random, 32768KB,9.620.622.201,274.138.131,479.926.514
on,huge,wb,t,memory_load_random, 16384KB,7.880.228.881,205.135.471,461.126.148
on,huge,wb,t,memory_load_random, 8192KB,4.450.943.027,63.920.607,434.890.260
on,huge,wb,t,memory_load_random, 4096KB,2.767.512.961,320.250,463.282.135
on,huge,wb,t,memory_load_random, 2048KB,2.645.184.186,62.301,432.122.667
on,huge,wb,t,memory_load_random, 1024KB,2.488.878.192,40.704,365.559.654
on,huge,wb,t,memory_load_random, 512KB,2.177.522.791,29.672,232.942.729
on,huge,wb,t,memory_load_random, 256KB,1.748.019.332,20.416,65.059.626
on,huge,wb,nt,memory_load_ind, 32768KB,7.681.498.627,251.422.074,437.562.753
on,huge,wb,nt,memory_load_ind, 16384KB,6.982.642.497,218.000.092,430.318.283
on,huge,wb,nt,memory_load_ind, 8192KB,3.231.179.627,62.700.906,327.591.430
on,huge,wb,nt,memory_load_ind, 4096KB,2.443.801.552,37.847,364.863.109
on,huge,wb,nt,memory_load_ind, 2048KB,2.438.483.980,16.916,364.821.444
on,huge,wb,nt,memory_load_ind, 1024KB,2.437.794.256,42.984,364.414.482
on,huge,wb,nt,memory_load_ind, 512KB,2.436.710.142,24.446,364.417.477
on,huge,wb,nt,memory_load_ind, 256KB,1.548.580.636,8.168,102.406.381
on,huge,wb,nt,memory_load_dep, 32768KB,13.032.162.505,44.738.038,125.008.203
on,huge,wb,nt,memory_load_dep, 16384KB,11.975.309.256,39.741.642,106.630.283
on,huge,wb,nt,memory_load_dep, 8192KB,9.737.690.928,28.702.427,39.793.293
on,huge,wb,nt,memory_load_dep, 4096KB,7.034.759.489,497.232,9.075.883
on,huge,wb,nt,memory_load_dep, 2048KB,6.974.945.888,33.947,8.534.219
on,huge,wb,nt,memory_load_dep, 1024KB,6.885.138.105,36.808,8.578.870
on,huge,wb,nt,memory_load_dep, 512KB,6.875.996.880,37.625,8.607.478
on,huge,wb,nt,memory_load_dep, 256KB,6.700.041.783,239.705,4.928.498
on,huge,wb,nt,memory_load_random, 32768KB,9.644.796.752,277.121.278,479.174.195
on,huge,wb,nt,memory_load_random, 16384KB,7.831.138.837,204.677.991,462.417.337
on,huge,wb,nt,memory_load_random, 8192KB,4.746.089.403,77.424.695,424.426.580
on,huge,wb,nt,memory_load_random, 4096KB,2.754.567.490,868.063,465.332.750
on,huge,wb,nt,memory_load_random, 2048KB,2.674.296.082,75.801,429.934.022
on,huge,wb,nt,memory_load_random, 1024KB,2.513.340.302,44.824,364.604.727
on,huge,wb,nt,memory_load_random, 512KB,2.190.400.291,25.276,231.888.191
on,huge,wb,nt,memory_load_random, 256KB,1.777.929.432,16.040,84.221.026
on,huge,wc,t,memory_load_ind, 32768KB,6.712.798.276,222.468.205,427.396.269
on,huge,wc,t,memory_load_ind, 16384KB,5.964.791.176,183.019.023,412.538.775
on,huge,wc,t,memory_load_ind, 8192KB,3.276.223.441,57.882.828,345.524.019
on,huge,wc,t,memory_load_ind, 4096KB,2.600.432.981,10.672.677,357.190.222
on,huge,wc,t,memory_load_ind, 2048KB,2.440.255.381,3.871,360.418.052
on,huge,wc,t,memory_load_ind, 1024KB,2.431.350.903,27.877,365.680.842
on,huge,wc,t,memory_load_ind, 512KB,2.429.047.533,8.576,365.197.296
on,huge,wc,t,memory_load_ind, 256KB,1.974.710.255,2.550,228.283.620
on,huge,wc,t,memory_load_dep, 32768KB,11.587.014.191,34.017.963,101.598.076
on,huge,wc,t,memory_load_dep, 16384KB,10.552.499.892,28.377.525,59.390.369
on,huge,wc,t,memory_load_dep, 8192KB,8.654.973.174,12.432.204,29.243.859
on,huge,wc,t,memory_load_dep, 4096KB,7.053.362.279,519.144,9.280.117
on,huge,wc,t,memory_load_dep, 2048KB,6.983.408.260,2.815,8.529.211
on,huge,wc,t,memory_load_dep, 1024KB,6.877.750.722,1.702,8.555.673
on,huge,wc,t,memory_load_dep, 512KB,6.912.102.817,1.020,7.716.604
on,huge,wc,t,memory_load_dep, 256KB,6.643.682.339,886,4.534.104
on,huge,wc,t,memory_load_random, 32768KB,8.493.403.715,251.566.405,476.781.804
on,huge,wc,t,memory_load_random, 16384KB,6.809.715.546,180.577.244,455.166.467
on,huge,wc,t,memory_load_random, 8192KB,3.908.754.288,43.824.273,434.458.952
on,huge,wc,t,memory_load_random, 4096KB,2.765.594.211,2.595.033,466.044.792
on,huge,wc,t,memory_load_random, 2048KB,2.630.927.297,2.751,433.071.656
on,huge,wc,t,memory_load_random, 1024KB,2.503.325.574,1.403,364.978.183
on,huge,wc,t,memory_load_random, 512KB,2.179.394.273,798,237.233.717
on,huge,wc,t,memory_load_random, 256KB,1.679.746.251,898,35.159.175
on,huge,wc,nt,memory_load_ind, 32768KB,6.949.302.547,221.981.358,430.059.483
on,huge,wc,nt,memory_load_ind, 16384KB,6.095.232.271,185.780.658,413.679.684
on,huge,wc,nt,memory_load_ind, 8192KB,3.306.749.029,58.235.273,344.372.822
on,huge,wc,nt,memory_load_ind, 4096KB,2.494.397.865,3.592.843,364.648.469
on,huge,wc,nt,memory_load_ind, 2048KB,2.432.687.061,3.525,365.413.449
on,huge,wc,nt,memory_load_ind, 1024KB,2.431.447.426,1.602,365.391.388
on,huge,wc,nt,memory_load_ind, 512KB,2.430.772.723,1.233,365.384.514
on,huge,wc,nt,memory_load_ind, 256KB,2.019.355.231,944,235.476.381
on,huge,wc,nt,memory_load_dep, 32768KB,11.696.458.159,35.875.476,105.529.678
on,huge,wc,nt,memory_load_dep, 16384KB,10.644.600.691,29.698.463,61.007.686
on,huge,wc,nt,memory_load_dep, 8192KB,8.367.076.395,11.409.330,19.790.837
on,huge,wc,nt,memory_load_dep, 4096KB,6.987.568.128,38.236,8.665.253
on,huge,wc,nt,memory_load_dep, 2048KB,6.973.037.086,3.180,8.524.184
on,huge,wc,nt,memory_load_dep, 1024KB,6.965.807.138,1.640,8.544.007
on,huge,wc,nt,memory_load_dep, 512KB,6.961.478.176,1.043,8.575.630
on,huge,wc,nt,memory_load_dep, 256KB,6.595.687.402,1.526,5.236.140
on,huge,wc,nt,memory_load_random, 32768KB,8.679.644.939,252.205.537,476.624.851
on,huge,wc,nt,memory_load_random, 16384KB,6.964.842.276,181.038.647,455.139.429
on,huge,wc,nt,memory_load_random, 8192KB,3.934.675.467,43.934.634,442.498.331
on,huge,wc,nt,memory_load_random, 4096KB,2.725.294.208,488.471,467.492.654
on,huge,wc,nt,memory_load_random, 2048KB,2.662.354.482,3.325,430.518.405
on,huge,wc,nt,memory_load_random, 1024KB,2.476.566.555,1.402,366.807.680
on,huge,wc,nt,memory_load_random, 512KB,2.182.795.164,1.076,231.844.617
on,huge,wc,nt,memory_load_random, 256KB,1.749.210.803,782,68.048.398
on,small,wb,t,memory_load_ind, 32768KB,7.524.343.485,247.095.599,435.610.333
on,small,wb,t,memory_load_ind, 16384KB,7.215.317.417,224.594.784,431.335.554
on,small,wb,t,memory_load_ind, 8192KB,3.812.599.122,85.521.138,345.151.157
on,small,wb,t,memory_load_ind, 4096KB,2.459.606.238,1.038.325,363.196.909
on,small,wb,t,memory_load_ind, 2048KB,2.447.108.037,21.902,360.024.293
on,small,wb,t,memory_load_ind, 1024KB,2.444.418.790,12.031,361.378.020
on,small,wb,t,memory_load_ind, 512KB,2.441.579.772,8.124,360.157.009
on,small,wb,t,memory_load_ind, 256KB,1.977.636.357,5.404,228.117.023
on,small,wb,t,memory_load_dep, 32768KB,11.931.589.204,35.436.601,116.706.851
on,small,wb,t,memory_load_dep, 16384KB,11.885.046.863,35.246.590,110.913.895
on,small,wb,t,memory_load_dep, 8192KB,10.272.881.577,27.333.634,53.716.094
on,small,wb,t,memory_load_dep, 4096KB,7.153.687.747,2.129.519,10.633.159
on,small,wb,t,memory_load_dep, 2048KB,6.983.361.054,41.386,8.536.479
on,small,wb,t,memory_load_dep, 1024KB,6.887.416.845,20.981,8.544.927
on,small,wb,t,memory_load_dep, 512KB,6.874.950.091,15.884,8.592.088
on,small,wb,t,memory_load_dep, 256KB,6.669.165.124,69.977,6.550.610
on,small,wb,t,memory_load_random, 32768KB,9.643.063.616,285.456.809,483.227.554
on,small,wb,t,memory_load_random, 16384KB,8.198.602.107,224.698.855,466.916.141
on,small,wb,t,memory_load_random, 8192KB,4.799.448.262,80.353.109,425.516.964
on,small,wb,t,memory_load_random, 4096KB,2.821.529.117,2.223.024,461.214.193
on,small,wb,t,memory_load_random, 2048KB,2.669.263.376,33.393,429.289.388
on,small,wb,t,memory_load_random, 1024KB,2.482.796.626,11.847,366.408.447
on,small,wb,t,memory_load_random, 512KB,2.185.750.426,8.984,231.347.131
on,small,wb,t,memory_load_random, 256KB,1.754.381.716,5.905,72.474.511
on,small,wb,nt,memory_load_ind, 32768KB,7.545.089.787,247.148.942,435.733.096
on,small,wb,nt,memory_load_ind, 16384KB,7.230.439.377,222.178.950,432.114.430
on,small,wb,nt,memory_load_ind, 8192KB,3.797.311.195,83.773.164,344.242.233
on,small,wb,nt,memory_load_ind, 4096KB,2.458.923.337,816.023,363.417.346
on,small,wb,nt,memory_load_ind, 2048KB,2.450.351.789,101.663,361.152.855
on,small,wb,nt,memory_load_ind, 1024KB,2.436.088.749,41.581,365.286.277
on,small,wb,nt,memory_load_ind, 512KB,2.432.574.311,22.059,364.980.264
on,small,wb,nt,memory_load_ind, 256KB,2.041.357.285,9.276,244.339.536
on,small,wb,nt,memory_load_dep, 32768KB,11.903.472.871,36.011.336,117.095.618
on,small,wb,nt,memory_load_dep, 16384KB,11.863.655.819,35.350.513,110.764.023
on,small,wb,nt,memory_load_dep, 8192KB,10.318.642.550,27.545.922,54.224.812
on,small,wb,nt,memory_load_dep, 4096KB,7.110.203.674,1.025.210,9.559.182
on,small,wb,nt,memory_load_dep, 2048KB,6.896.877.235,56.751,8.574.933
on,small,wb,nt,memory_load_dep, 1024KB,6.885.657.055,32.773,8.585.523
on,small,wb,nt,memory_load_dep, 512KB,6.960.102.177,25.626,8.578.089
on,small,wb,nt,memory_load_dep, 256KB,6.631.311.186,164.458,5.718.675
on,small,wb,nt,memory_load_random, 32768KB,9.682.471.158,285.451.234,483.732.392
on,small,wb,nt,memory_load_random, 16384KB,8.256.904.074,226.020.508,466.583.248
on,small,wb,nt,memory_load_random, 8192KB,4.883.513.496,82.354.761,428.506.123
on,small,wb,nt,memory_load_random, 4096KB,2.781.295.727,1.671.193,463.798.870
on,small,wb,nt,memory_load_random, 2048KB,2.640.976.444,58.531,432.529.388
on,small,wb,nt,memory_load_random, 1024KB,2.507.770.625,29.925,363.912.240
on,small,wb,nt,memory_load_random, 512KB,2.170.856.650,13.254,233.265.578
on,small,wb,nt,memory_load_random, 256KB,1.682.856.261,8.949,34.855.803
on,small,wc,t,memory_load_ind, 32768KB,6.700.642.062,222.260.327,427.265.668
on,small,wc,t,memory_load_ind, 16384KB,5.966.214.856,183.880.076,413.339.510
on,small,wc,t,memory_load_ind, 8192KB,3.214.256.020,55.037.749,340.514.595
on,small,wc,t,memory_load_ind, 4096KB,2.480.973.261,3.684.619,363.068.225
on,small,wc,t,memory_load_ind, 2048KB,2.432.164.070,4.249,365.688.293
on,small,wc,t,memory_load_ind, 1024KB,2.431.237.131,27.537,365.874.843
on,small,wc,t,memory_load_ind, 512KB,2.359.747.405,9.330,336.996.529
on,small,wc,t,memory_load_ind, 256KB,1.969.610.157,653,223.687.158
on,small,wc,t,memory_load_dep, 32768KB,11.497.270.932,33.376.570,101.426.854
on,small,wc,t,memory_load_dep, 16384KB,10.745.781.970,28.245.863,64.934.975
on,small,wc,t,memory_load_dep, 8192KB,8.332.100.430,11.124.448,19.393.912
on,small,wc,t,memory_load_dep, 4096KB,6.944.304.408,401.415,8.969.272
on,small,wc,t,memory_load_dep, 2048KB,6.979.850.903,22.560,8.551.765
on,small,wc,t,memory_load_dep, 1024KB,6.979.129.571,11.177,8.545.720
on,small,wc,t,memory_load_dep, 512KB,6.962.300.289,1.959,8.563.230
on,small,wc,t,memory_load_dep, 256KB,6.640.927.892,975,5.611.821
on,small,wc,t,memory_load_random, 32768KB,8.438.534.325,251.820.141,475.807.214
on,small,wc,t,memory_load_random, 16384KB,6.873.137.235,179.896.063,456.180.666
on,small,wc,t,memory_load_random, 8192KB,3.911.692.718,43.772.006,442.519.124
on,small,wc,t,memory_load_random, 4096KB,2.711.673.183,7.562,468.406.767
on,small,wc,t,memory_load_random, 2048KB,2.630.583.421,2.212,433.020.300
on,small,wc,t,memory_load_random, 1024KB,2.503.422.137,9.167,364.871.632
on,small,wc,t,memory_load_random, 512KB,2.167.678.724,782,233.559.371
on,small,wc,t,memory_load_random, 256KB,1.728.317.027,717,58.959.454
on,small,wc,nt,memory_load_ind, 32768KB,6.981.476.017,219.010.737,430.259.568
on,small,wc,nt,memory_load_ind, 16384KB,6.152.515.399,183.537.492,414.964.230
on,small,wc,nt,memory_load_ind, 8192KB,3.205.016.314,52.218.147,342.529.178
on,small,wc,nt,memory_load_ind, 4096KB,2.460.986.756,1.901.082,364.404.371
on,small,wc,nt,memory_load_ind, 2048KB,2.432.374.524,3.755,365.686.107
on,small,wc,nt,memory_load_ind, 1024KB,2.431.193.708,2.051,365.690.212
on,small,wc,nt,memory_load_ind, 512KB,2.438.634.145,9.767,360.387.497
on,small,wc,nt,memory_load_ind, 256KB,1.770.473.271,577,166.334.002
on,small,wc,nt,memory_load_dep, 32768KB,11.710.363.537,36.126.545,105.679.685
on,small,wc,nt,memory_load_dep, 16384KB,10.916.880.068,30.541.764,67.193.550
on,small,wc,nt,memory_load_dep, 8192KB,8.471.093.848,12.228.028,20.755.991
on,small,wc,nt,memory_load_dep, 4096KB,7.029.368.490,349.155,8.927.987
on,small,wc,nt,memory_load_dep, 2048KB,6.885.242.714,9.975,8.550.909
on,small,wc,nt,memory_load_dep, 1024KB,6.966.100.164,1.596,8.539.807
on,small,wc,nt,memory_load_dep, 512KB,6.962.598.516,1.361,8.573.737
on,small,wc,nt,memory_load_dep, 256KB,6.597.347.550,952,7.178.380
on,small,wc,nt,memory_load_random, 32768KB,8.754.908.977,252.657.044,477.840.772
on,small,wc,nt,memory_load_random, 16384KB,7.002.449.116,180.804.100,455.301.727
on,small,wc,nt,memory_load_random, 8192KB,3.960.984.337,44.394.552,433.601.283
on,small,wc,nt,memory_load_random, 4096KB,2.727.450.622,538.491,467.367.648
on,small,wc,nt,memory_load_random, 2048KB,2.632.710.220,30.406,432.980.090
on,small,wc,nt,memory_load_random, 1024KB,2.476.771.911,1.033,366.209.723
on,small,wc,nt,memory_load_random, 512KB,2.185.358.804,5.093,232.398.040
on,small,wc,nt,memory_load_random, 256KB,1.690.938.754,721,41.426.556
off,huge,wb,t,memory_load_ind, 32768KB,9.698.964.256,437.719.746,528.470.218
off,huge,wb,t,memory_load_ind, 16384KB,7.362.506.974,303.483.257,526.086.606
off,huge,wb,t,memory_load_ind, 8192KB,3.433.271.494,58.268.644,525.397.531
off,huge,wb,t,memory_load_ind, 4096KB,2.508.118.109,114.017,524.350.706
off,huge,wb,t,memory_load_ind, 2048KB,2.504.146.341,5.826,524.317.455
off,huge,wb,t,memory_load_ind, 1024KB,2.502.822.068,3.007,524.316.389
off,huge,wb,t,memory_load_ind, 512KB,2.500.879.742,1.916,524.315.391
off,huge,wb,t,memory_load_ind, 256KB,1.856.639.124,2.232,270.408.385
off,huge,wb,t,memory_load_dep, 32768KB,112.733.463.002,516.127.986,527.059.805
off,huge,wb,t,memory_load_dep, 16384KB,92.736.050.536,402.881.714,526.786.238
off,huge,wb,t,memory_load_dep, 8192KB,40.101.893.088,112.500.546,525.926.948
off,huge,wb,t,memory_load_dep, 4096KB,18.138.545.528,92.916,524.763.942
off,huge,wb,t,memory_load_dep, 2048KB,17.701.526.135,122.723,524.488.071
off,huge,wb,t,memory_load_dep, 1024KB,17.660.414.856,37.585,524.502.710
off,huge,wb,t,memory_load_dep, 512KB,18.050.906.038,8.891,524.547.343
off,huge,wb,t,memory_load_dep, 256KB,12.154.913.045,64.414,262.566.058
off,huge,wb,t,memory_load_random, 32768KB,11.205.151.753,400.712.982,535.643.626
off,huge,wb,t,memory_load_random, 16384KB,8.531.107.271,276.719.931,529.175.399
off,huge,wb,t,memory_load_random, 8192KB,4.045.694.355,52.552.077,517.362.354
off,huge,wb,t,memory_load_random, 4096KB,2.515.728.059,120.374,492.356.296
off,huge,wb,t,memory_load_random, 2048KB,2.444.806.643,3.955,459.488.627
off,huge,wb,t,memory_load_random, 1024KB,2.345.731.518,45.274,394.247.279
off,huge,wb,t,memory_load_random, 512KB,2.067.067.571,1.941,262.319.672
off,huge,wb,t,memory_load_random, 256KB,1.710.032.660,1.959,71.228.906
off,huge,wb,nt,memory_load_ind, 32768KB,9.698.542.924,437.661.822,528.336.043
off,huge,wb,nt,memory_load_ind, 16384KB,7.346.344.359,303.513.579,526.065.247
off,huge,wb,nt,memory_load_ind, 8192KB,3.134.547.712,39.044.537,525.383.272
off,huge,wb,nt,memory_load_ind, 4096KB,2.544.704.838,135.124,524.354.407
off,huge,wb,nt,memory_load_ind, 2048KB,2.505.102.380,127.903,524.318.513
off,huge,wb,nt,memory_load_ind, 1024KB,2.538.896.067,58.621,524.321.308
off,huge,wb,nt,memory_load_ind, 512KB,2.427.152.755,43.018,495.646.752
off,huge,wb,nt,memory_load_ind, 256KB,1.986.072.142,10.969,319.022.569
off,huge,wb,nt,memory_load_dep, 32768KB,112.531.896.699,516.714.642,527.103.164
off,huge,wb,nt,memory_load_dep, 16384KB,93.265.880.191,404.948.138,526.829.391
off,huge,wb,nt,memory_load_dep, 8192KB,42.843.274.279,128.179.331,525.979.044
off,huge,wb,nt,memory_load_dep, 4096KB,18.136.160.766,2.303.967,524.775.612
off,huge,wb,nt,memory_load_dep, 2048KB,17.698.983.139,127.613,524.487.340
off,huge,wb,nt,memory_load_dep, 1024KB,17.672.329.996,76.097,524.502.038
off,huge,wb,nt,memory_load_dep, 512KB,17.638.423.797,35.970,524.530.278
off,huge,wb,nt,memory_load_dep, 256KB,11.949.785.334,77.871,262.485.299
off,huge,wb,nt,memory_load_random, 32768KB,11.214.794.156,403.517.225,535.782.145
off,huge,wb,nt,memory_load_random, 16384KB,8.530.859.397,276.429.953,529.189.084
off,huge,wb,nt,memory_load_random, 8192KB,4.103.392.841,57.279.061,517.495.267
off,huge,wb,nt,memory_load_random, 4096KB,2.517.299.255,108.412,492.327.783
off,huge,wb,nt,memory_load_random, 2048KB,2.477.866.297,82.150,459.566.224
off,huge,wb,nt,memory_load_random, 1024KB,2.318.063.747,42.950,394.340.449
off,huge,wb,nt,memory_load_random, 512KB,2.088.930.514,18.723,262.106.421
off,huge,wb,nt,memory_load_random, 256KB,1.700.948.539,7.028,63.307.591
off,huge,wc,t,memory_load_ind, 32768KB,9.221.968.874,423.708.648,525.541.941
off,huge,wc,t,memory_load_ind, 16384KB,7.180.669.257,292.425.570,525.461.475
off,huge,wc,t,memory_load_ind, 8192KB,3.696.564.353,69.206.401,525.388.088
off,huge,wc,t,memory_load_ind, 4096KB,2.504.305.915,31.930,524.351.081
off,huge,wc,t,memory_load_ind, 2048KB,2.499.669.656,5.792,524.316.959
off,huge,wc,t,memory_load_ind, 1024KB,2.499.427.158,954,524.315.296
off,huge,wc,t,memory_load_ind, 512KB,2.413.156.393,801,491.350.614
off,huge,wc,t,memory_load_ind, 256KB,1.920.360.725,8.165,294.952.207
off,huge,wc,t,memory_load_dep, 32768KB,94.893.744.342,426.048.603,526.774.937
off,huge,wc,t,memory_load_dep, 16384KB,72.313.898.893,296.411.174,526.405.073
off,huge,wc,t,memory_load_dep, 8192KB,32.479.074.459,74.450.037,525.814.954
off,huge,wc,t,memory_load_dep, 4096KB,17.700.045.645,162.519,524.757.175
off,huge,wc,t,memory_load_dep, 2048KB,17.642.442.859,50.604,524.484.237
off,huge,wc,t,memory_load_dep, 1024KB,17.633.973.284,1.996,524.501.326
off,huge,wc,t,memory_load_dep, 512KB,18.029.061.726,27.910,524.541.153
off,huge,wc,t,memory_load_dep, 256KB,12.142.715.273,1.015,270.572.137
off,huge,wc,t,memory_load_random, 32768KB,10.807.803.158,396.361.729,535.772.125
off,huge,wc,t,memory_load_random, 16384KB,8.095.396.208,265.771.787,529.193.702
off,huge,wc,t,memory_load_random, 8192KB,3.970.055.643,53.050.354,517.307.794
off,huge,wc,t,memory_load_random, 4096KB,2.510.184.603,9.027,492.353.174
off,huge,wc,t,memory_load_random, 2048KB,2.475.002.723,2.553,459.545.835
off,huge,wc,t,memory_load_random, 1024KB,2.314.571.988,1.173,394.196.755
off,huge,wc,t,memory_load_random, 512KB,2.064.897.895,760,261.830.475
off,huge,wc,t,memory_load_random, 256KB,1.676.643.560,805,40.138.496
off,huge,wc,nt,memory_load_ind, 32768KB,9.505.043.620,423.922.923,525.538.798
off,huge,wc,nt,memory_load_ind, 16384KB,7.329.546.267,292.393.190,525.460.515
off,huge,wc,nt,memory_load_ind, 8192KB,3.714.730.916,72.051.668,525.387.266
off,huge,wc,nt,memory_load_ind, 4096KB,2.685.167.763,8.861.036,524.353.062
off,huge,wc,nt,memory_load_ind, 2048KB,2.504.762.723,120.529,524.318.403
off,huge,wc,nt,memory_load_ind, 1024KB,2.500.735.488,47.042,524.316.103
off,huge,wc,nt,memory_load_ind, 512KB,2.534.428.881,1.118,524.236.259
off,huge,wc,nt,memory_load_ind, 256KB,1.637.358.689,1.156,188.499.227
off,huge,wc,nt,memory_load_dep, 32768KB,96.615.910.961,429.138.968,526.756.855
off,huge,wc,nt,memory_load_dep, 16384KB,73.293.133.681,295.371.024,526.409.713
off,huge,wc,nt,memory_load_dep, 8192KB,32.432.143.285,75.844.763,525.813.820
off,huge,wc,nt,memory_load_dep, 4096KB,21.125.404.211,18.981.349,524.831.457
off,huge,wc,nt,memory_load_dep, 2048KB,18.109.878.118,175.378,524.502.954
off,huge,wc,nt,memory_load_dep, 1024KB,18.060.563.490,2.959,524.516.432
off,huge,wc,nt,memory_load_dep, 512KB,17.611.536.749,28.444,524.536.782
off,huge,wc,nt,memory_load_dep, 256KB,12.975.476.141,6.204,311.687.280
off,huge,wc,nt,memory_load_random, 32768KB,11.089.315.979,396.555.523,535.789.871
off,huge,wc,nt,memory_load_random, 16384KB,8.256.353.198,265.567.392,529.162.963
off,huge,wc,nt,memory_load_random, 8192KB,4.048.617.180,53.213.910,517.378.697
off,huge,wc,nt,memory_load_random, 4096KB,2.516.241.915,178.174,492.366.838
off,huge,wc,nt,memory_load_random, 2048KB,2.444.526.163,3.945,459.430.430
off,huge,wc,nt,memory_load_random, 1024KB,2.316.420.434,28.429,394.315.415
off,huge,wc,nt,memory_load_random, 512KB,2.086.205.939,14.222,262.033.989
off,huge,wc,nt,memory_load_random, 256KB,1.659.692.344,785,31.579.078
off,small,wb,t,memory_load_ind, 32768KB,10.404.040.568,507.030.843,525.712.621
off,small,wb,t,memory_load_ind, 16384KB,7.541.581.197,304.799.306,525.915.282
off,small,wb,t,memory_load_ind, 8192KB,3.687.516.696,70.413.098,525.409.671
off,small,wb,t,memory_load_ind, 4096KB,2.516.384.512,110.158,524.356.343
off,small,wb,t,memory_load_ind, 2048KB,2.541.345.805,28.450,524.322.366
off,small,wb,t,memory_load_ind, 1024KB,2.504.099.654,8.672,524.316.070
off,small,wb,t,memory_load_ind, 512KB,2.502.285.683,6.768,524.315.290
off,small,wb,t,memory_load_ind, 256KB,1.572.520.440,4.969,163.742.235
off,small,wb,t,memory_load_dep, 32768KB,110.533.335.693,523.616.663,527.010.624
off,small,wb,t,memory_load_dep, 16384KB,107.383.158.395,504.444.516,526.979.707
off,small,wb,t,memory_load_dep, 8192KB,95.008.523.728,433.036.995,526.797.810
off,small,wb,t,memory_load_dep, 4096KB,76.353.026.119,327.334.453,526.045.709
off,small,wb,t,memory_load_dep, 2048KB,18.126.034.080,196.151,524.506.652
off,small,wb,t,memory_load_dep, 1024KB,17.653.528.046,46.044,524.502.077
off,small,wb,t,memory_load_dep, 512KB,17.612.627.259,23.322,524.533.532
off,small,wb,t,memory_load_dep, 256KB,13.145.077.516,1.059.842,296.319.939
off,small,wb,t,memory_load_random, 32768KB,12.389.322.933,473.282.257,535.905.402
off,small,wb,t,memory_load_random, 16384KB,9.002.594.607,306.838.850,529.262.669
off,small,wb,t,memory_load_random, 8192KB,4.340.445.218,66.465.668,517.469.943
off,small,wb,t,memory_load_random, 4096KB,2.530.747.923,344.629,492.379.812
off,small,wb,t,memory_load_random, 2048KB,2.449.361.619,18.922,459.536.128
off,small,wb,t,memory_load_random, 1024KB,2.317.731.166,10.123,394.225.904
off,small,wb,t,memory_load_random, 512KB,2.089.495.329,5.306,262.214.511
off,small,wb,t,memory_load_random, 256KB,1.729.615.929,3.824,89.233.363
off,small,wb,nt,memory_load_ind, 32768KB,10.426.318.206,507.248.874,525.712.287
off,small,wb,nt,memory_load_ind, 16384KB,7.513.087.085,305.173.691,525.908.042
off,small,wb,nt,memory_load_ind, 8192KB,3.743.990.147,71.013.625,525.412.933
off,small,wb,nt,memory_load_ind, 4096KB,2.522.356.630,397.022,524.354.495
off,small,wb,nt,memory_load_ind, 2048KB,2.540.963.693,23.150,524.320.852
off,small,wb,nt,memory_load_ind, 1024KB,2.540.550.174,14.482,524.318.732
off,small,wb,nt,memory_load_ind, 512KB,2.537.672.077,5.268,524.316.153
off,small,wb,nt,memory_load_ind, 256KB,2.097.403.772,5.254,360.301.341
off,small,wb,nt,memory_load_dep, 32768KB,107.688.399.520,512.452.278,526.954.286
off,small,wb,nt,memory_load_dep, 16384KB,103.001.906.963,483.751.410,526.898.482
off,small,wb,nt,memory_load_dep, 8192KB,93.231.687.940,424.710.617,526.721.249
off,small,wb,nt,memory_load_dep, 4096KB,74.131.422.485,315.400.185,525.997.173
off,small,wb,nt,memory_load_dep, 2048KB,17.681.918.336,86.950,524.488.201
off,small,wb,nt,memory_load_dep, 1024KB,17.649.986.493,48.527,524.503.024
off,small,wb,nt,memory_load_dep, 512KB,17.619.724.261,50.910,524.534.405
off,small,wb,nt,memory_load_dep, 256KB,11.710.948.038,675.221,246.932.400
off,small,wb,nt,memory_load_random, 32768KB,12.353.108.915,473.384.724,535.995.689
off,small,wb,nt,memory_load_random, 16384KB,8.568.923.183,274.417.196,529.151.420
off,small,wb,nt,memory_load_random, 8192KB,4.279.587.831,63.998.409,517.438.018
off,small,wb,nt,memory_load_random, 4096KB,2.564.119.660,360.177,492.432.096
off,small,wb,nt,memory_load_random, 2048KB,2.449.611.456,25.667,459.454.358
off,small,wb,nt,memory_load_random, 1024KB,2.317.927.235,9.677,394.120.667
off,small,wb,nt,memory_load_random, 512KB,2.066.559.445,3.789,261.736.153
off,small,wb,nt,memory_load_random, 256KB,1.707.747.097,3.096,66.266.149
off,small,wc,t,memory_load_ind, 32768KB,9.208.924.175,423.809.334,525.544.617
off,small,wc,t,memory_load_ind, 16384KB,7.161.206.514,292.410.480,525.453.658
off,small,wc,t,memory_load_ind, 8192KB,3.666.801.513,68.414.144,525.381.889
off,small,wc,t,memory_load_ind, 4096KB,2.506.039.584,181.558,524.349.409
off,small,wc,t,memory_load_ind, 2048KB,2.537.839.272,120.792,524.317.371
off,small,wc,t,memory_load_ind, 1024KB,2.498.347.273,1.177,524.314.894
off,small,wc,t,memory_load_ind, 512KB,2.499.441.998,32.251,524.313.294
off,small,wc,t,memory_load_ind, 256KB,1.960.313.827,4.646,318.747.280
off,small,wc,t,memory_load_dep, 32768KB,94.965.989.472,425.906.685,526.795.890
off,small,wc,t,memory_load_dep, 16384KB,72.532.055.127,295.559.572,526.418.026
off,small,wc,t,memory_load_dep, 8192KB,31.628.703.330,72.192.979,525.780.651
off,small,wc,t,memory_load_dep, 4096KB,17.862.957.540,1.120.942,524.758.790
off,small,wc,t,memory_load_dep, 2048KB,18.091.829.545,129.100,524.493.491
off,small,wc,t,memory_load_dep, 1024KB,17.653.249.532,110.566,524.501.589
off,small,wc,t,memory_load_dep, 512KB,17.605.449.286,1.036,524.530.518
off,small,wc,t,memory_load_dep, 256KB,14.709.818.831,498,393.467.400
off,small,wc,t,memory_load_random, 32768KB,10.623.802.749,396.249.929,535.688.655
off,small,wc,t,memory_load_random, 16384KB,8.059.880.381,265.695.990,529.103.061
off,small,wc,t,memory_load_random, 8192KB,3.923.844.070,47.523.583,517.384.239
off,small,wc,t,memory_load_random, 4096KB,2.514.558.468,174.838,492.360.271
off,small,wc,t,memory_load_random, 2048KB,2.444.888.229,83.751,459.556.895
off,small,wc,t,memory_load_random, 1024KB,2.314.915.957,21.253,394.188.642
off,small,wc,t,memory_load_random, 512KB,2.066.155.976,5.292,262.413.904
off,small,wc,t,memory_load_random, 256KB,1.686.167.713,507,54.271.265
off,small,wc,nt,memory_load_ind, 32768KB,9.560.153.768,424.246.716,525.554.450
off,small,wc,nt,memory_load_ind, 16384KB,7.371.481.437,292.271.374,525.473.964
off,small,wc,nt,memory_load_ind, 8192KB,3.634.230.511,64.261.109,525.386.509
off,small,wc,nt,memory_load_ind, 4096KB,2.504.359.145,13.901,524.350.662
off,small,wc,nt,memory_load_ind, 2048KB,2.538.633.983,121.497,524.319.934
off,small,wc,nt,memory_load_ind, 1024KB,2.501.339.923,1.564,524.315.988
off,small,wc,nt,memory_load_ind, 512KB,2.414.117.225,1.073,491.559.670
off,small,wc,nt,memory_load_ind, 256KB,1.593.027.574,698,172.127.532
off,small,wc,nt,memory_load_dep, 32768KB,96.124.432.689,425.830.546,526.796.277
off,small,wc,nt,memory_load_dep, 16384KB,72.914.479.695,295.839.723,526.434.021
off,small,wc,nt,memory_load_dep, 8192KB,31.962.813.986,70.726.274,525.816.662
off,small,wc,nt,memory_load_dep, 4096KB,17.728.921.844,219.985,524.761.866
off,small,wc,nt,memory_load_dep, 2048KB,17.670.320.713,93.348,524.490.554
off,small,wc,nt,memory_load_dep, 1024KB,18.062.124.712,10.808,524.513.877
off,small,wc,nt,memory_load_dep, 512KB,17.621.391.084,1.188,524.535.124
off,small,wc,nt,memory_load_dep, 256KB,13.470.976.146,893,336.298.231
off,small,wc,nt,memory_load_random, 32768KB,11.554.693.604,395.788.509,535.705.913
off,small,wc,nt,memory_load_random, 16384KB,8.273.554.427,265.934.481,529.169.308
off,small,wc,nt,memory_load_random, 8192KB,4.013.548.327,50.802.463,517.501.410
off,small,wc,nt,memory_load_random, 4096KB,2.514.588.610,160.333,492.320.654
off,small,wc,nt,memory_load_random, 2048KB,2.443.989.218,3.718,459.491.211
off,small,wc,nt,memory_load_random, 1024KB,2.316.698.201,28.583,394.333.833
off,small,wc,nt,memory_load_random, 512KB,2.066.440.148,711,261.723.740
off,small,wc,nt,memory_load_random, 256KB,1.686.332.483,479,54.552.542
